,"control (18 cages, 72 mice at initiation)",,,,,,,,,,,,,,,,,,,,,,,,,,,,,,,,,,,,,,,,,,,,,,,,,,,,,,,,,,,,,,,,,,,,,,,,,"restricted (17 cages, 68 mice at initiation)",,,,,,,,,,,,,,,,,,,,,,,,,,,,,,,,,,,,,,,,,,,,,,,,,,,,,,,,,,,,,,,,,,,
,528,,,,535,,,,559,,,,563,,,,570,,,,571,,,,572,,,,573,,,,583,,,,593,,,,595,,,,599,,,,606,,,,614,,,,617,,,,619,,,,649,,,,656,,,,,661,,,,662,,,,664,,,,665,,,,657,,,,658,,,,659,,,,660,,,,666,,,,503,,,,506,,,,518,,,,519,,,,523,,,,524,,,,525,,,,526,,,
age (weeks),Maus1,Maus2,Maus3,Maus4,Maus1,Maus2,Maus3,Maus4,Maus1,Maus2,Maus3,Maus4,Maus1,Maus2,Maus3,Maus4,Maus1,Maus2,Maus3,Maus4,Maus1,Maus2,Maus3,Maus4,Maus1,Maus2,Maus3,Maus4,Maus1,Maus2,Maus3,Maus4,Maus1,Maus2,Maus3,Maus4,Maus1,Maus2,Maus3,Maus4,Maus1,Maus2,Maus3,Maus4,Maus1,Maus2,Maus3,Maus4,Maus1,Maus2,Maus3,Maus4,Maus1,Maus2,Maus3,Maus4,Maus1,Maus2,Maus3,Maus4,Maus1,Maus2,Maus3,Maus4,Maus1,Maus2,Maus3,Maus4,Maus1,Maus2,Maus3,Maus4,,Maus1,Maus2,Maus3,Maus4,Maus1,Maus2,Maus3,Maus4,Maus1,Maus2,Maus3,Maus4,Maus1,Maus2,Maus3,Maus4,Maus1,Maus2,Maus3,Maus4,Maus1,Maus2,Maus3,Maus4,Maus1,Maus2,Maus3,Maus4,Maus1,Maus2,Maus3,Maus4,Maus1,Maus2,Maus3,Maus4,Maus1,Maus2,Maus3,Maus4,Maus1,Maus2,Maus3,Maus4,Maus1,Maus2,Maus3,Maus4,Maus1,Maus2,Maus3,Maus4,Maus1,Maus2,Maus3,Maus4,Maus1,Maus2,Maus3,Maus4,Maus1,Maus2,Maus3,Maus4,Maus1,Maus2,Maus3,Maus4
8,"25,2","27,5","26,1","26,1",27,"28,8","28,2","26,3","24,7","23,7","26,8","22,8","26,3",22,"24,5","27,7","24,8","26,6","23,7","30,1","25,3","25,9","27,7","25,4","24,4","25,2","26,3","24,9","27,4","25,6","24,7","25,1","25,6","27,6","25,6","26,2","24,2","27,3","27,4","29,8","25,1","24,4","25,7","24,1",24,"27,1","26,6","24,3",24,"22,7","25,4","24,7","25,2","26,7","26,6","25,3","23,5","26,8","28,6","27,4","28,1",26,"21,3","25,8","29,1","28,8","25,2","27,3","23,2","28,3","26,1",27,,25,"27,3","27,4","24,4","23,4","25,6",25,24,26,"26,1","24,5","24,7","28,6","24,5","26,6","24,4","22,4",26,"24,8","24,9","26,5","25,8","26,6",24,"21,8","26,4","27,3","25,1",26,"27,5",22,"26,7","24,9","27,1","25,7","23,7","24,5","23,3","23,6","24,1","24,3","23,7","23,9","24,9","25,9","26,9","24,2","23,7","25,2","25,3","23,8","24,2","25,9","25,6","25,3","24,6","25,3","24,2","27,5","27,9","26,4","25,2","26,3","25,3","27,7","26,8","24,2","23,8"
9,27,"28,1","27,2","27,2","28,8","27,9","29,4",27,"25,9",24,"24,8","28,4","27,1","26,2","22,1","28,8","27,9","24,2","30,6","25,6","26,3","26,2","28,2","25,9","26,5","25,7","25,6","25,4","27,3","28,5",26,"25,8","27,9","26,2","27,2","26,1","30,7","27,8","27,9","25,9","26,7","25,5","24,9","25,6","26,4",29,"28,6","26,9","25,4",27,"25,6","23,3",28,"26,7","30,1","27,1","25,9","28,9","27,5","27,3","28,9","26,8","26,7","22,2","26,4","29,9","29,4",28,25,"29,7","27,2","27,5",,24,22,"23,3","21,8","20,6","20,9","21,6","21,7","21,4","20,9",20,"20,8","22,9","24,1","20,4","20,2","22,2","18,9","21,2",21,"20,2","23,3","22,1",22,"22,2","18,7","22,3","21,6","21,8","22,7","23,6",19,"22,1","20,4","23,4",21,"20,5","19,6","20,9","20,5",21,"20,7","19,4",20,"22,7","21,6","20,8","20,4","20,6","21,2","21,5","19,8","21,2","21,5","21,7","21,6","23,2","21,4","22,4","19,8","20,8","20,9","21,6","21,5","22,6","20,4",23,21
10,"28,2","27,9","27,6","27,3","29,5",28,"30,4","27,7","25,3","26,7","27,8","24,4",27,"27,8","29,5","22,6","28,2",26,"31,4","24,5","26,9","26,7","28,3","26,5",26,"26,5","25,5",27,"29,1","26,2","28,5","27,5","28,3","28,2","26,9","26,4","28,6","31,3","28,3",26,"27,3","25,2",26,"25,9","29,7",28,"29,6","27,5","26,2","27,8","26,1","23,5","26,7","28,2","29,3","32,1","27,3","27,4","27,2","28,8","29,7","27,5",23,"28,7","28,5","30,5","27,1","29,2","28,4","27,5","29,4","25,7",,"23,1","23,9","25,3",23,"21,5","22,4","21,3","22,5","22,1","22,6","23,1","21,4","21,3","25,1","24,3","21,5","23,5","20,1","22,3","22,9","24,6","21,3","23,4","23,7","23,1","20,3","23,7",24,"25,4","23,7","20,4","24,7","22,4","23,3","22,4","24,3","22,6","21,7","21,2","21,5","22,7","22,5","21,4","20,7","24,8","21,8","22,8","21,8","21,2","22,2","22,1","22,8",23,"23,3","22,2","23,1","23,9","24,8","20,9","22,8","21,6","22,7","22,3","21,8","24,8",25,"22,2","21,6"
11,"28,8","28,3","28,1","28,7","30,9","28,8","30,4","27,8","24,5","27,7","28,4","26,3","27,9","28,9","23,1","30,4","25,5","29,1","32,5","26,8","27,8","27,9","27,7","29,5","28,3","27,1","26,7","27,2","27,6",30,"27,1","30,1","29,5","27,3","27,5","29,1","29,4","28,9","32,5","26,5","26,8","27,7","26,8","26,9","31,2",31,"29,1","28,8","27,3","28,5","24,8","26,9","29,7","30,7","28,3","33,7","29,6","28,2","27,6","28,8","23,9","30,5","30,2","28,6","28,7",28,"30,1","30,7","26,8","30,3","27,7","29,1",,"25,8","27,5","25,3",29,25,"26,2","26,1","25,5","24,7","26,5",25,"26,5","28,1","24,5","24,5","27,4",25,"26,1","25,4","23,1","27,2","26,8","27,4","23,9",28,"27,4","25,9","23,2","28,7","27,6",29,"23,2","26,3","24,9",27,"26,5",24,"24,9","25,1","25,6","25,9",24,"24,1","26,2","24,8","24,6","27,6","25,7","25,3","24,3","25,3","26,9","25,9","26,2","26,1","26,8","25,6","27,2",29,24,25,"25,3","26,9","26,2",25,"27,7","28,1","25,1"
12,"29,6","28,7","30,1","29,5","31,6","30,6","29,8","28,8","25,3","27,9","29,1","26,8","29,5","30,8","28,8","23,3","25,8","29,9",33,"27,6","29,8","28,1","28,2","28,1","27,7","28,3",29,"27,5","28,7","28,1","30,3","29,7","30,1","28,1","27,4","29,3","33,2","30,1",30,"26,9","26,7",27,"27,3","28,4","28,8","32,2","30,3","31,8","25,1","29,2",29,"27,4","31,3","29,5","35,1","29,4","30,3","27,7","27,5","28,5","29,5","30,5","24,6","31,6","31,8","28,8","30,4","28,8",29,"27,6","28,9","31,3",,"24,6","23,7","26,3","22,8","23,1","23,3","22,8","23,6",24,"22,6","23,8","22,9","25,4","22,5","25,4","21,9","20,9","22,8","22,8","22,8","25,1",25,"24,8","21,1","25,4","25,1","23,9","20,8","20,7","24,4","25,5","26,6","22,5","24,7","23,9","24,9","22,7","22,1","22,1","23,6","23,1","23,7","22,2","23,7",25,"23,7","22,5","22,5","22,1","22,7","22,8","23,4","23,4","22,7","23,6","23,8",21,"23,7","23,1","25,9",22,"23,1",23,"21,7","22,6","26,2","25,2","22,2"
13,"30,8","30,1","30,1","29,8",32,"30,2","30,9","29,5","30,2","25,1","27,5","28,8","23,4","31,2","29,2","29,2","33,4","26,8","30,4","28,3","28,8","30,7","28,7","28,5","28,4","29,6","28,1","30,3","30,3","30,7","29,8","28,7",31,"28,7","27,7",31,"27,9","30,6","30,4","33,3","29,1","27,9","27,4","28,1","31,2","32,5","32,7","29,5","27,9","28,9","25,4","29,9","31,8","30,7","30,1","35,3","29,5","28,7","30,8","28,6","32,7","25,7","31,4","29,7","32,2","29,4","29,5","30,8","28,8","27,8","32,2","28,7",,"28,1","25,5","27,8","30,1","25,8","25,4",27,"26,3","26,7","25,3","26,2","25,2","28,8","28,6","24,3","25,4",27,"23,8",26,"26,7","28,5","28,3","24,7",28,"24,4","27,7","29,1","29,2","30,1",28,"23,6",30,"28,6","27,8","26,2","29,2","25,7","24,3","25,8",25,"27,1","25,2","25,7",25,"26,4","25,7","28,5","25,6","27,6","25,8","26,2","25,6","27,1","26,7","26,2","27,1","24,9","26,6","29,3","27,6",27,"25,2",27,"25,2",30,"29,4","26,6","25,9"
14,"30,3",30,"29,9","31,1","31,5","31,1","32,4","30,2","31,1","25,8",28,"29,1","32,6","23,5","30,1","30,4","31,2","33,5","27,7","28,2","31,7","29,4","29,2","29,6","28,4","28,5","29,7","30,4","30,1","31,1","31,2","29,3","29,5",28,"30,5","31,1","31,1","28,3","34,6","31,4","28,8","29,5","27,8","27,5","32,9","31,7","29,7","33,3","28,5","29,7","25,7","30,4","35,6","32,2","30,9","30,5","29,5","29,9","31,2","29,3","33,2","30,7","31,9","26,3","31,9","33,4",30,"30,1","33,2","29,4","29,5","29,1",,26,"23,6","28,1","25,7","24,3","22,9","23,8","23,4","23,7","23,2","23,1","24,6","26,1",26,"23,4","22,2","23,8","23,3","24,4","21,5","26,2","25,5","26,7","22,2","21,9",26,"24,4",25,21,"26,9","25,9",28,"25,2","26,1","26,2","23,6","22,6","23,9","22,7","22,7","24,3","23,4","22,1",23,"24,4","23,5","23,3","25,9","23,6","23,4","23,4","24,3","23,7","24,8","24,2","23,7","24,4","26,3","23,9","21,4","22,5","24,6","22,4","23,9","26,9","27,5","23,6",24
15,"30,3","32,1","30,9","31,1","32,6","33,3","31,6","31,4",32,"30,8",27,"29,1","24,3","30,9","30,8","33,9","28,3","35,2","31,9","29,4",30,"29,6",32,"30,1","29,3","31,6","30,8","29,6","31,1",31,"32,3","32,3",32,"28,8","30,3","31,9","35,2","32,4","32,4","32,3",29,"28,8","28,8","29,3","29,9","33,8","32,7","33,4","30,4",32,"31,5","26,5","30,1","36,7","33,3","31,1","32,3","29,4","30,7","30,9","32,1","26,8","34,3","31,2","32,8","34,1","30,8","30,5","32,7","33,9","30,7","30,6",,"29,4","26,7","29,3",31,"25,3","25,6","27,2","26,2","28,6","26,7","26,3","26,1","29,4","25,2","29,9","26,4","24,1","27,7","27,8","26,5","28,9","29,6","29,7","25,3","29,6","24,8","27,8","29,3","29,3","30,6","29,4","23,7","30,3","29,9","29,4","27,2","25,3",26,"26,6","25,6","27,1","26,1","24,7","28,9","25,7","26,8","28,9","26,3",27,"27,4","25,6","26,1","28,4","26,6","26,9","27,4","27,9","24,9","29,8",27,"26,1","26,2","27,2","28,3","27,5","27,1","30,4","30,7"
16,"31,4","31,1",31,"32,4","32,9","31,5","34,5","31,9","27,1","29,5","32,7","31,2","24,4","34,5","31,2","31,6","28,1","35,1","32,3","29,4","30,3","30,6","31,7","31,1","30,8",32,"30,1","30,8","32,4","31,1","32,8","31,4",29,"32,6",31,"32,1",29,"32,2","32,4","35,2","29,2","30,3","29,2","29,5","33,6","30,2","33,6","32,7","31,8","27,2","30,4","32,3","32,7","32,1","30,9","36,9","31,5","30,5","31,3","32,6","27,3","32,1","33,1","33,7","34,6","31,3","30,6",33,"33,7","30,9","31,1","29,6",,"26,8","24,4","26,4","28,1","23,9","24,1","24,8","23,7","24,1","23,7","26,2","24,2","24,8","26,9","23,4","27,3","22,9",25,"25,1","23,9","26,1","26,5","26,9","22,7","22,4","26,7","25,3","26,9","21,9","27,2","28,8","27,1","28,1","26,6","24,7","27,6","24,7","23,3","23,4","23,7","22,8","24,4","25,4","23,7","26,4","23,9","24,1","24,8","24,6","24,1","25,1","24,3","24,5","25,1",26,"24,4","25,5","22,5","24,3","27,4","24,9","23,5","26,2","23,2","24,1","28,3","24,1","27,6"
17,"31,3","31,2","32,4","31,9","34,2","32,4","32,9","31,4",33,"30,1","31,5","27,2","24,7","32,2","31,6","34,8","32,4","35,4","29,7",29,"32,1","30,7","30,6",32,"30,6","32,1","30,4","32,2","32,7","32,6","31,9","32,4","33,1","33,6","31,2","29,1","35,5","32,8","29,1","32,8","30,7","29,9","29,5","29,7","30,7","33,8","33,9","32,9","31,4",33,"31,3","27,7","32,9","32,2","36,9","31,6",32,"31,5","33,6","32,2","24,7","32,3","33,8","33,6","34,7","31,5","30,6","33,5","31,7","34,4","30,5","31,9",,"30,2","32,23","30,2","27,3","26,5","26,4","27,1","27,6","29,9","27,5","27,7","27,1","26,9","25,5","29,7","30,3","24,2",23,"24,8","22,1","29,8","25,3","29,8","29,7","30,6","30,9","25,2","29,4","31,1","33,6","30,5","24,8","30,8","31,2","27,9","30,2","26,2","26,4","26,7","27,5","27,6",26,"27,9",27,"27,7",27,"30,2","26,6","28,4","28,8","27,1","27,7","28,8","29,2","27,8","27,9","26,5","28,1","30,6","28,7","29,3","27,1","26,8","30,8","27,4","30,7","27,1","31,5"
18,"32,2","31,9","32,2","32,9","33,3","34,6","31,5","32,6","33,3","32,6","30,3","27,5","32,3","24,8","34,4","32,5","29,7","32,2","35,4","29,6","31,5","31,4","32,6","31,4","33,3","31,1","32,6","31,9","33,3","32,8","32,4","32,8","32,8","31,6","29,6","33,4","32,3","32,5","35,3","29,4","31,1","30,1","30,4","30,8","31,9",33,"34,8","33,7","27,4","33,3","31,4","31,3","37,4",33,"32,2","32,3","32,1","31,2","32,7","33,5","32,3","27,5","34,1","33,3","31,7","35,7","30,7","33,9",32,"34,5","32,1","30,1",,"30,4","27,9","24,5","27,5","24,5","25,5",24,"25,1","27,2","25,9","24,8","24,7","27,9","24,7","27,1","23,3","25,3","23,3","25,9","24,6","26,9","22,8","27,1","27,3","28,2","26,7","23,1","28,1","27,6","27,8","30,2","22,2","24,9","26,9","28,5","28,2","24,2","24,6",24,"24,8","23,3","25,8",25,"24,7","25,2","24,4","25,8","27,4",25,"26,1","25,5","24,6","26,9","24,9","26,3","25,4","26,2","27,8","23,3","25,1","27,1",26,"24,1","23,2","24,2","28,5","24,5","27,3"
19,"31,9","32,4","33,3","32,4","34,6","31,7","33,3","33,6","27,7","33,8","30,4","33,1","24,8","33,1","35,6","33,5","36,3","29,7","29,5","32,7","32,1","33,6","31,8","31,8","32,3","33,4","33,8","31,7","33,1","32,7","32,9",33,"33,9","29,9","32,3",32,"33,2","29,8","33,1","35,4","31,4","31,1","31,2","30,6",32,"35,3",34,"34,6","33,2","32,1","32,6",28,"33,6","31,8","32,6","37,7",33,"31,8","30,6",33,"33,4","32,7","27,4",35,"31,8","34,2","31,2","36,1","30,5","32,4","32,3","34,6",,"31,3","31,1","27,7","33,5","27,5","28,5",28,"26,9","27,1","27,2","29,9","27,2","30,7","30,1","27,3","25,5","26,6","28,1","25,7","29,2","26,1","30,9","31,1",30,"25,7","31,8","29,4","31,8","32,2",25,"30,8","30,9","31,2","31,8",28,"32,5","27,7","27,3","26,1","26,5","27,5","28,5","27,4","26,1","28,2",27,"30,8","27,3","27,7","28,2","27,3","29,4","28,3","29,2","28,1","29,8","31,7","26,8","30,1","28,6","27,1","29,5",27,"30,8","27,7","31,4","30,6","27,4"
20,"32,6","33,4","33,4","32,3","35,6","34,4",32,"34,4","34,8","33,8","31,4","28,5","37,4","33,1",33,"25,1","32,8","30,6","30,5","37,4","33,4","33,9","32,9","33,5","34,4",34,"32,7","31,9","33,4",33,33,"33,5","33,3","34,7","33,1","30,1","30,2","33,5","33,6","36,1","31,5","30,6","32,1","31,8","34,5","31,5","35,5","35,2","33,5","32,8","28,2","33,8",34,"38,2","33,8","32,6","32,7","33,9",34,"31,3","33,7","35,4","33,6","27,2","32,9","32,8","34,4","36,8","30,4","33,4","35,6","32,9",,"28,2","29,8","27,9",25,"25,4","26,1","25,1","24,2","26,9","24,5","24,6","25,4","27,2","27,9","25,1","23,4","24,9","25,4","23,5","26,5","23,9","27,2","27,2","27,4","23,3","26,3","28,8","27,9",27,"27,2",29,"22,5","29,5","24,7","26,7","29,3","23,8","23,9",25,"24,7","25,7",25,"24,2","23,6","23,9","27,3","25,7","25,2","24,8","25,9","24,2","24,5","26,1",25,25,"26,7",27,"27,9","24,7","23,6","24,6",27,"25,9","24,1","24,4","27,9","24,7",28
21,"33,4","32,2","33,2","31,9","32,1","33,8","34,9","34,6","31,9","33,9","28,2","34,4","32,6","33,3","25,4","36,6","30,1","33,3","37,3","31,1","32,5","32,7","32,6","34,3","34,7","34,8","33,3","32,1","32,1","33,2",33,"33,1","33,6","32,6","30,4","33,3","36,6","33,8",34,"29,9",32,"31,5","31,1","31,4","31,7","34,9","34,2","34,5","32,9","34,1","29,1","33,8","33,9","32,1","33,3","37,9","32,2",34,"34,1",31,"33,3","33,9","27,6","35,3","36,8",34,"33,1","32,4","33,1","35,3","33,4","30,8",,"31,4","32,6","31,7","28,7","29,2","28,4","28,3","29,2","27,9","27,8","30,2","28,2","32,2","30,5","27,3","28,3","29,3","30,4","26,3","28,1","26,6","31,1","31,2","31,4","26,2","31,8",32,"29,8",31,"25,4",31,"32,4","28,1","32,5","33,3","31,7",28,28,27,27,30,"28,5","28,2","26,7","28,9","28,2","27,6",31,"28,4","29,8","27,4","28,7","29,5","30,3","30,7","28,2","30,6","31,9","29,3","27,4","27,4","31,5","29,9","28,3","28,2","31,4","28,8","31,5"
22,33,"34,2","33,6","32,4","35,2","32,7","33,4","35,2","28,3","34,1","32,3","35,2","37,6","33,4","25,8","33,2","30,6","34,2","31,4","37,2","34,5",33,"33,3",33,"34,9","32,8","33,2","35,4","33,1","32,3","33,4","33,8",33,"33,7","33,9",31,34,"29,6","36,3","33,8",32,"32,6","32,3","31,5","35,2",32,"34,1","35,3","33,7",34,"34,5",29,"32,2","34,2",33,"38,2","32,5","34,3","34,4","31,3","34,1",34,"35,4","27,8","32,3","34,9","36,9","32,6","35,6","33,8","32,8","30,6",,"30,9","29,7","28,9","26,8","25,8","26,5","25,8","25,1","27,9","25,6","25,9","26,2","29,1","26,3","28,6","25,5",28,"25,5",24,"26,5","29,1","29,2",24,"29,1","24,2","28,8","27,5","29,8","28,2","30,6","29,3","23,7","29,1","30,5","25,9","30,3","24,7","25,5","24,8","25,3","26,8","27,7","26,1","24,3","29,1","26,6","25,8","26,3","25,4","26,3","24,5","25,3","26,4","27,1","28,9","24,7","26,3","26,8",27,"27,3","27,2",26,"25,1","28,2","26,6","30,1","26,8","29,2"
23,"34,1","33,6","32,7","34,9","34,6",36,"35,9","32,9","28,7","35,7","34,4","32,5","33,8","34,4","25,9","37,6","34,6",37,"32,5","30,9","34,4","32,9","35,6","34,1","34,9","34,7","33,5","36,3","34,6","33,8","32,8","33,4","34,8","34,3","33,3","31,5","35,1","35,3","36,7","30,1","33,3",32,"33,2","32,8","35,7","34,4","35,5","31,6","34,2","34,1","28,7","35,1","32,6",38,"33,5","34,7","35,7","32,8","31,6","34,9","28,2","34,8","34,6","36,5","33,3","37,7","35,8","32,6","35,8","30,9","34,6","33,2",,"32,2","31,2","33,1","29,5","28,8","29,1","28,2","29,4","31,8",29,"28,6","29,3","31,7","28,4","28,7","32,3","26,4","31,2","29,4","28,3","26,9",32,33,"32,7","27,1",33,"31,9","30,7","33,2","31,6","26,6","32,3",32,33,"29,1","33,6",28,"29,3","28,6","27,6","29,4","29,3","31,2","27,9","32,2","28,3","29,7","29,2","28,4","30,1","28,5","28,1","27,3","29,6","32,4","30,2","29,5","31,1","30,1","29,3","29,1","27,5","29,8","31,2","30,1",29,"33,5","32,2"
24,"35,1",34,"34,3",35,35,"32,9","29,8","36,7","28,8","35,3","33,5","35,9","34,5","38,6","35,3","26,2","33,6","32,7",38,"31,2","35,3","34,3","34,3","33,2","34,3","34,7","36,4","33,4","35,2","35,2","34,3","33,3","32,9","35,3","33,6","31,6","35,5","30,2","36,6","35,8","33,4","32,5","33,3","33,3","34,6","36,1","35,8","32,1","34,6","29,1","35,3","35,3","33,2","33,3","34,8","38,7","36,7","35,3","32,7","32,3","28,1","35,1",37,"34,2","33,5","32,8","38,2","36,2","36,5","35,8","34,2","31,1",,"29,5","30,9","26,4","29,1","25,3","26,5",27,"26,2","25,8","26,4","29,1","26,2","29,3","24,8","25,7","28,9","25,4","28,5","26,5","24,4","23,8","29,6","30,2",29,"30,3","24,8","29,4","28,6","31,1","29,4","28,9","23,4","26,8","29,2","30,4","30,5","25,6","26,4","25,1","25,8","28,2","26,4","25,1","26,6","29,3","25,5","26,4","26,7","25,5","25,9","27,1","24,9","27,2","28,2","26,1","26,5","27,2","24,7","26,8","29,2","25,8","24,9","27,1","28,8","29,8","30,6",26,"26,9"
25,"34,2","34,1","35,3","34,7","32,5","34,6","36,5",36,"37,2","33,1","28,7","36,2","39,3","35,5","26,5",35,"30,5","37,8","34,1","33,3","34,8","33,5","34,7","35,5","36,7","34,7","33,7","35,8","34,3","33,3","34,7","34,8","35,7","32,8","31,1","34,2","36,5","35,8","34,7","30,2","33,3","33,6","33,3","32,8","34,8",32,"35,7","36,3","35,4","35,4","36,1",29,"37,4",35,"33,5","32,7","36,5","32,9","31,3","35,2","35,2","34,1","28,4",37,"33,7","36,1","38,5","32,6","34,7","35,8","31,1","35,2",,"31,6","29,3","32,4","33,2","28,3","29,8",28,"29,7","28,7","28,5","32,6","29,6","32,3","32,6","28,8","28,1","27,2","32,3","28,8","29,6","32,2",32,"32,4","26,5","32,3","27,5","32,9","30,9","26,7",32,"32,3","33,5","32,8","32,6","34,4","29,6","28,2","28,6",29,"28,1","30,1","29,9","31,5","27,9","29,5","29,3","28,1","31,9","28,8","28,9","27,8","30,8","30,7","31,4","29,2","30,1","31,1","27,9","32,5","29,5","27,7","30,2","28,8","31,2","29,8","32,3","28,6","32,9"
26,"35,2","32,2","33,5","35,2","32,8","36,7","36,2","33,6","34,2","30,5","35,9","36,2","40,6",26,36,35,"30,6","33,1","38,2","33,9","35,6","36,7","34,4","33,8","33,9","36,5",35,"36,5","34,5","33,4","34,9","35,1","30,5","35,7","34,6","32,8","35,8","30,4","36,8","36,2","33,4","33,3","34,4","34,4","32,4","34,9","35,5","36,4","26,8","34,6",35,"36,8","38,5","32,7","34,4","35,5","32,3",33,"35,3","37,4","28,6",37,35,35,"36,9",34,"39,9","33,9","35,2","30,7","35,5","34,5",,"29,7","29,2",31,27,"26,4","25,1","25,6","26,5","29,7",26,"25,9","27,8","26,1","29,2","29,4",25,"28,5","25,9","26,5","25,1","29,5","24,1","29,7","29,6","27,9","30,4","29,8","24,5","28,4","30,8","29,4","22,9","30,3","29,5","26,4","31,1","26,4","25,7","25,5","24,9","26,6","28,2","26,8","24,8","26,7",29,"25,6","26,6",28,"26,1",26,"25,4",28,27,"26,1","27,8","24,7","26,7","27,7","28,9",28,"25,5","23,1","25,9","30,5","26,8","28,5","25,8"
27,"34,8","35,2",35,"36,1",35,"33,5","36,8",37,"37,5","33,5","36,8","29,9","40,3","36,4","35,1","26,2","34,7","37,8","30,2","32,6",37,"34,5","35,6",35,"34,4","36,6","36,3","37,1","35,7","33,9","34,6",35,"34,2","31,2","35,5","33,1","37,3",37,31,"35,9","34,3","34,5","34,9","34,8","35,2","35,1","32,5","36,7","29,8","36,1","37,6","36,2","35,7","32,8","34,5","38,4","35,7","33,1","32,5",38,"37,5","28,1","35,4","35,7",40,"34,6",37,"33,8",37,"31,3",34,"35,8",,"30,9","32,5","33,8","34,3","29,7","27,9","29,5","28,9","30,9","29,7","33,2",29,"32,9","32,9","29,1","29,2","30,2","32,1","28,3","29,8","33,2","32,8","26,9","33,4","33,2",28,"30,9","33,6","32,5","26,7","32,3","33,6","34,4","30,4","32,8","33,5","28,9","29,7","28,6",30,30,"30,7","31,8","28,1","30,3","29,4","29,5","32,7","29,1","29,2","31,2","28,3","31,5","31,5","29,3","30,1","31,8","32,9","28,1","29,8","30,9","28,5","31,8","29,4",33,"33,8","28,7","31,3"
28,"34,8","35,2","35,5","36,3","35,8","33,7","37,3",38,30,"38,4","36,6","34,1",40,"26,7","36,7","36,5","35,5","33,7","30,1","38,2","37,3","33,8","36,1","36,1",37,"34,6","37,3","36,4","34,1","35,3","33,9","34,4",36,"34,2","31,3","33,7",36,37,"37,8","30,5","34,4",34,"35,2","34,9","35,9",35,"32,6","36,5","35,8",36,"29,9",37,"36,1",35,33,"38,7",39,36,"33,2","33,1",38,"35,4","28,3","35,8","34,2","36,9","34,7","40,4","36,8","34,4","31,2","36,7",,"31,1","29,4","27,2","30,3","26,2","25,5","26,8","25,8","28,3","26,3",30,27,30,"29,9","26,9","26,4","27,5","28,9","26,7",25,"30,5","30,6","24,6",30,"28,4","24,8",30,"31,1","23,7","29,5","29,2","31,5","31,4","30,7",27,30,"26,6","26,9","25,6","26,3","27,8","28,9",27,"25,5","27,6","29,7","27,4","26,7","26,3","28,1","26,1","25,9","28,3","27,4","28,8","26,9","28,8","26,7",25,"29,2","26,1","29,1","26,8","28,1",30,"27,6","31,7","26,6"
29,35,"35,1","36,2","35,5",37,34,"35,5","38,5","38,8",37,"34,5","30,3","37,1","36,4",40,"26,6","38,5","35,5","33,8","30,2","34,5","36,4","37,3","36,2",37,"34,6","37,5","37,6","34,5","34,9","33,3","35,7","31,9","34,1","35,6","33,4","38,7","37,7","30,9","36,4","34,4","35,8","34,4","35,1","36,7","32,6","34,7",37,"29,9","36,8","36,3","36,9",35,"32,7","38,2","36,1",36,"32,8","33,4","39,2","28,8","38,8","35,8",36,"34,9","34,5","37,4","40,8","36,6",37,"34,8","30,7",,"33,3","31,8","30,5","33,2","31,1","29,6","29,7",29,"33,2","30,3","29,6","31,4","32,6","30,2","33,1",29,"32,1","27,9","30,4","30,3",33,"32,7","32,6","27,4","32,8","34,6","31,8","27,7","27,4","34,3","32,4","31,8","29,4","33,3","32,9","34,7","29,2","29,6","29,9","28,5","30,4","31,4",28,32,"32,5",30,30,"29,5","29,4","32,2","29,1","28,3","31,8","30,8","31,3","29,6","32,1","27,7","29,6","32,8","28,8",33,"31,3","29,8","30,4","33,4","29,9",31
30,"35,9","35,4","36,7","35,3","35,6","34,1","38,2","37,1","38,8","30,5",37,"34,3","36,1","26,4","38,1","40,4","33,9","30,8","35,4","38,5","37,8","35,1","36,2","36,4","37,9","34,9","37,8","37,3","34,1","33,8","34,8","35,9","32,2","35,5","34,7","33,2","31,4","39,1","36,9","38,2","34,1","35,9",35,"34,2","32,4","36,1","34,8","36,8","37,4","36,4","37,2","30,3","35,4","38,8","33,1","35,9",33,"35,8","39,6","33,6","36,1","38,3","28,8","36,1",41,"34,1","37,5","35,1","35,9","37,9","30,9","35,3",,"30,4","27,5","31,2","30,4",27,"26,7","25,7",28,"29,1","30,4","27,1","26,6","29,8","27,1","30,7","26,9","29,3","25,5","27,1","27,6","30,4","30,4","24,8","30,4","30,5",25,"31,8","29,2","28,7","23,9","30,9","29,8","30,3","30,8","27,4","32,1","26,4","25,8","26,9","26,2","29,4","28,2","27,4","25,4","27,7","27,2","26,5","29,7","28,4","26,3","26,8","26,1","28,3","29,3","27,4","27,1","26,9","25,5","29,5","28,8","26,9","28,3","26,3","29,4","30,1","31,2","27,9","26,5"
31,"35,7","35,8","36,3",36,"34,8","38,6","36,5","38,5","30,1","39,3","37,7",35,"27,1",41,"37,1","38,6","35,8","31,1",39,35,"36,4","35,3","39,3","37,3","35,4","37,5","38,3","38,1","33,7","36,6","35,4","34,4","31,8",36,"33,9","34,3","38,5","39,3","30,7","37,3","36,9","34,8","34,8","34,6",32,"34,6","36,3","37,2","36,2",30,"37,3","37,8","35,8","34,6","32,7","38,3","40,8","33,8","33,1",37,"28,8","38,3","36,2","36,4","40,7","37,4","35,3","34,8","35,6","31,4","37,5","35,7",,"33,5","30,2","34,1","34,2","30,6","29,4","29,3","31,4","29,5","30,1","31,2","33,9","30,1","33,3",30,"33,7","28,4","33,4","30,8","30,6","33,5","32,8","33,3",28,"33,5",35,"31,8","28,2","32,4","33,3","33,9","27,4","30,7","33,9","35,7","33,2","28,9","29,2",30,"28,9","32,9",32,"30,2","28,7","32,9","30,3","29,7","29,1","32,2","29,5","30,7",29,"31,5","32,4","29,7",31,"33,3","32,2",30,"28,7",29,"30,9","31,9","33,5","29,7","33,5","33,6","31,5"
32,"36,1","36,2","35,6","35,9","34,1","37,9","38,5","36,4","38,7","34,6","30,9","37,6",27,"41,7","39,1","37,6","39,2","36,5",35,"30,9","37,2","37,6","39,3","35,1","35,9","38,6",38,"38,6",37,"35,7",35,"34,1","34,5","36,1","31,4",34,"38,2","30,3","38,1","40,1","35,8","35,3",38,"34,5","36,8","34,5","37,5","32,3","37,4","36,7","30,1","36,6","32,4","35,1","35,6","38,7",41,"33,4",34,"36,7","29,3","38,1","35,5","36,5","40,6","36,1",38,"35,2","38,1","31,1","35,6",37,,"27,8","31,2","31,6","30,9","27,4","26,3","28,2","26,6","27,4","31,2","27,3","29,1","30,1","27,8","27,8",31,"25,7","27,7","30,1",27,"30,6","30,9","30,9",25,"29,4","30,7","32,1","25,8","29,7","31,2","24,7","30,7","31,2","31,9","27,6","30,5","26,2","27,4","26,2",27,"27,8","30,3","28,9",26,"27,3","27,1","26,6","30,1","26,7","29,1","26,3","27,5","27,2","29,5","28,9","27,9",30,"27,1","28,9",26,"27,5","29,7","26,1","28,7","28,9",27,"30,7","31,2"
33,"36,9","36,6",37,"36,4","34,4","37,5",39,38,"35,7","39,1",31,"38,1","27,1","37,1","42,1","39,9","34,9","39,5","30,4","35,8","40,5","36,9","38,1","35,7","39,1","36,1","37,8","38,9",34,"37,1","35,6","35,7","31,5","34,6","36,9",34,"30,8",38,"40,1",39,"35,8","35,3","35,2","38,9","36,4","34,4","32,5",38,"37,2","30,9","36,5","38,5","36,2",39,33,"35,5","36,9","33,8","40,8","33,9","29,2","36,7","36,9","38,3","41,5",38,"35,5","35,3","32,5",38,"37,3","35,8",,"30,9","34,4","34,7","34,6","30,8","30,8","29,4","29,2","29,8","30,4","34,2","31,9","30,2","34,2","33,8","31,2","30,2","32,7","30,7","28,7","32,7","33,4",33,"28,2","32,1","33,4","29,2","34,4","33,9","27,4","32,3","33,2","36,2",34,"33,3","30,6","28,7","29,3","29,9","28,5","32,4","30,7",29,"33,3",30,"29,5","29,9","32,4",29,"32,5",29,"30,7","31,1","31,6","32,3","29,5","32,4","33,2","28,5","30,8","28,9",32,"30,8","32,1","33,5","30,5",34,32
34,37,"36,1","36,1","36,9","34,5","36,9","38,4","38,7","30,7","38,8","39,1","35,6","42,8","27,3","37,4","39,1","39,1","35,6","35,8","30,7","38,2","41,2","36,7","35,5","36,5","39,4","38,8","39,1","34,6","37,4","36,6","34,5","34,6","36,9","31,7","35,2","30,9",38,40,"38,3","36,4","35,2","38,7","35,2","35,2","36,9","32,4",38,"37,6","38,4",37,"31,1","36,7","39,1",33,"36,3","40,7","36,6","33,4","33,5","29,5","38,8","37,2","37,3","35,7","38,8","35,9",42,36,"31,9","38,9","37,7",,"31,7","31,1",28,"31,4","27,8","27,1",26,"28,8","31,1","27,1","27,5","29,5",31,28,"31,7","28,6","26,3","27,8",28,"30,4","30,9","25,5","30,6","31,1",30,"26,3","30,9","31,4","31,4","31,8","24,7","29,2",32,"32,6","28,5","30,7","26,6","26,2","26,6","27,7","26,8","30,6","28,2","29,5","27,7","30,2","27,6","27,2","27,4","26,6","29,5","26,4",28,"28,7","29,8","27,2",30,"28,1","29,2","26,2","26,5","30,2","29,2","28,1","28,5","31,2",27,"31,3"
35,"36,8","36,8",36,"37,3","35,3","38,4","37,4","39,5","36,6","39,3","31,2",39,"42,1","37,4","40,1",27,"30,9","40,2","35,3","35,6","40,3","36,9","37,9","36,9","39,5","36,8","38,7","38,9","37,4","34,3","36,4","34,7","36,8","31,8","35,1","34,4","30,7","38,5","40,5","37,6","38,3","34,8",36,"35,4","32,3","37,4","34,3","37,8",37,"36,5","38,4","30,7","37,1","33,7","38,9","35,6","32,9","41,3","33,3","36,5","29,4","36,4","38,7","37,1",41,"38,2","35,4","34,9","38,9",31,"37,1","36,5",,"34,9","35,5",34,31,30,"30,4",29,"31,8","33,1","30,5","29,9","34,5","34,9","34,2","31,4",32,"28,7",33,"30,5","31,2","27,7",33,"33,7","34,1","32,3","34,3","34,7","29,2","34,2","34,4","32,4","27,6","31,2","34,4","35,5","33,9","31,2","29,7","29,1",30,"31,4","29,4","34,1","33,4","29,8","34,3","31,1","31,1","32,7",29,"29,7",31,"31,6","33,6","30,4","32,2","32,9",29,"33,7",31,"32,7",29,"31,3","32,1",30,32,"34,2","33,5"
36,"37,6","37,3","36,5","36,2","39,7","34,9","37,5","39,7",40,"39,2",36,"31,3","37,2","40,4","27,3",42,"36,5","30,8",35,"39,4","37,3","41,1","36,8","38,3","38,6","39,5","36,8","38,7","34,3","38,4",37,"34,1","35,1","32,5","34,9","36,9","38,6","30,5","37,9","40,8","35,7","38,9","34,7","36,4","35,2","32,1","38,5","37,9","33,3",37,"35,7","38,2","36,8","34,5","35,6","38,8","41,8","33,3","33,6","36,8",37,"38,7","29,2","37,1","36,3","41,5","35,7",39,"37,1","30,6","36,4","38,9",,"31,4","31,2","31,5","27,8","25,6","26,9","27,6","28,5","27,5","30,1",31,"27,5",31,"28,4","31,9","28,2","27,9","26,5","30,1","27,6","31,3",31,"25,3","31,4","30,8","31,6","29,5","26,1",32,"24,7","29,7","30,9",31,"28,2","32,2","32,4","28,2",27,26,"26,8","30,2","30,6","26,6","28,2","28,1","28,6","30,3","27,4","29,7","27,2",27,"27,5","30,4","28,2","29,3","27,5","26,1","31,3","28,1","30,6","30,4","28,5","28,9","26,4",29,"27,6","31,7","30,4"
37,"36,3","37,4","36,8","37,5","34,9","37,2","40,2","39,3","36,7","31,8","39,4",40,"40,6","37,7","27,6","42,3","36,7","31,1","39,9","36,5","37,2","38,7","40,4","36,8","39,7",37,"40,1","38,9","34,3","38,8",35,"37,6","36,7","35,2","32,8","34,5","31,2","38,6","40,3","38,3","35,2","38,8","35,8","36,4","35,2","37,7",32,"37,1","37,1","36,7","30,8","38,3","37,3",39,"33,5","36,2","33,5","33,4","41,9","37,1","39,6","36,9",37,"29,1","39,2","36,4","35,8","42,2","36,1","31,4","37,9","37,9",,34,"33,9","34,1","30,5","30,5",32,"29,7","29,6","34,4","32,7","30,1","30,4","34,4","31,6","35,2","30,7","29,7","31,1","30,9","33,5","33,3","34,1","34,4",28,"31,6","33,8","34,3","29,7","34,1","31,9","33,4","27,7","33,3","31,6","34,4","35,8","29,8",30,"29,5","31,6","31,1","33,3","33,8","29,4","33,6","30,8","30,8","31,3",31,"33,1","30,8",30,"34,2","32,5","30,5","31,9","34,2","31,5","29,2","34,2","31,5","29,1","32,3","33,5","30,3","34,8","33,5","32,2"
38,"36,8","37,8","37,2","36,5",39,"37,2","40,9","34,9","40,3",37,"39,7","31,1","37,7","40,9","42,9","27,2","35,7","40,4","37,1",31,38,"41,6","39,8","37,3","37,2","40,5","39,9","39,7","33,8","35,7","37,6","37,5","34,8","34,5","37,1","32,9","41,4","39,2","30,7","39,4","39,4","36,8","35,8","36,9","34,2","38,4","32,7","37,8","36,5",37,"30,7","38,4","35,8","38,8","26,9","33,5","33,7","34,2","37,3","41,9","28,9","37,2","38,9","37,3","36,6","35,7",42,"39,8","38,7","38,3",36,"31,8",,"27,8","31,2","30,5","31,1","28,8","27,8","26,8","26,2",27,"31,2","27,4","29,8",32,"28,4","31,3",29,"30,3","27,8",28,"27,1","30,9","31,1","31,1","25,5","27,1","31,5","29,1","31,4","29,6","31,5","30,8","24,9","31,9","30,6","32,6","28,3","26,2","26,9","28,4","27,8","26,6","30,6","28,4","30,3","27,5","28,1","30,7","28,6","26,8","29,9","27,5","27,9","30,3","28,5","29,4","27,3","28,2","30,7","30,1","26,3","25,8",30,"28,5","29,1","28,8","31,7","30,4","27,1"
39,"36,9",38,37,"37,3","40,7","37,2","39,9","35,3","31,1","40,6","39,7","36,4","28,2","38,1","41,5","44,3","40,7","35,4","37,3","30,3","38,4",40,"37,6","41,2",41,"39,9","38,5","40,1",33,"35,6","37,7","38,1","34,6","38,1","33,1","35,1","42,1","38,8","38,5","30,2","34,8","35,6","39,4",37,"32,2","34,6","38,8","37,6","31,7","37,9","38,7","37,3","33,7","39,1","37,2","36,6","34,1","37,3",34,"42,4",40,"37,3","28,7",38,39,"35,3","41,8",36,"31,6","38,8","36,5",39,,"34,6","34,1","34,2","31,5","29,8","31,4","32,8","29,6","31,7",34,"29,9","30,6","30,8","31,9","34,4","34,8","33,5",31,"32,1","30,4","32,1",34,"33,7","27,8","35,2","34,6","31,9","30,2","33,5","27,6","32,3",33,33,"34,1","35,8","30,9","30,8","29,5","29,2","30,8","34,1","32,9","29,2","30,2",31,"34,3","31,6","30,6","33,3","31,2","30,4","28,8",33,"32,7","31,2","29,6","33,5",30,34,"31,5","31,5","28,8","32,1","32,9","33,7","33,1","30,4","31,4"
40,"36,8","37,1","37,6",37,"40,2","37,5","41,2","35,8","41,3",38,32,"40,4","38,1","42,1","27,8",44,32,"35,7","41,4","38,5","40,5","42,4",39,"38,5","40,9",42,"38,9","41,5","37,8","38,2","34,7","35,9","35,9","38,2","33,3","34,7","38,2","42,6","30,9","39,4","37,9","40,7","37,1","36,2","38,7",35,"32,3","37,8","31,7","36,7","39,3",39,"37,2","34,4",36,"39,4","34,2","33,9",37,"42,1","29,3","37,4","39,9",37,"38,4","36,2","36,3","41,7","39,3","36,8","39,9","31,1",,"31,7","30,9","27,8","30,6","27,3","28,9",27,"29,6","31,7","27,8","28,2","30,3","31,6","31,8","29,4",29,"28,9","28,4","31,1","27,8","25,3","30,9","30,4","31,4",32,"29,9",28,"31,8","31,3",30,"31,5","25,6","28,4","31,5","32,7",31,"28,8",27,"27,7","26,1","30,7","26,5","28,1","30,8","28,5",28,"31,1","28,3",30,"28,2","27,2","26,5","28,9","30,1","30,5","27,9","28,6","30,7","27,2","30,1",31,"26,7","28,7","29,3","30,8","27,7","29,2","31,3"
41,"36,6","37,8","36,3","37,5","40,5","37,7","41,2","36,6","31,5","41,9","37,2",40,"42,1","44,3","37,3","28,3","35,9","40,1","31,1","37,8","40,2","38,6","37,7","42,2","38,4","41,4","41,9","41,4","37,6","36,1","34,8","35,5","34,8","34,7","32,8","38,1","42,1","38,6","30,7","38,7","36,4","37,3","40,6","35,6","39,3","34,7","32,2","37,4",37,"39,1","38,8","31,1","39,8","37,9","35,4","33,7","33,2","33,3","37,4","41,2","37,5","40,4","29,8","38,3","39,4","36,2","35,9","42,6","38,8","39,7","36,1","31,8",,"34,2","34,4","31,7","35,1","29,9",30,"32,4","32,5","30,5","32,9","34,9","30,9","34,4","34,2","31,7","32,9","31,5","31,4","33,8","30,8","33,6","33,7","33,7","28,6","31,1","32,9","34,5","35,2","33,9","33,9","28,1","32,9","34,3","31,1","35,4","34,2","30,9",30,"29,5","32,3","34,5",30,"34,6","31,8","34,8","31,4","31,5","31,1","33,3","30,5","29,7","31,7","32,4","32,2","33,1","30,7","34,2","33,5","30,9","31,5","32,3","32,5","34,3","29,7","32,4","33,8","29,7",34
42,"37,7","38,5","37,6","36,3",42,37,41,"37,6","37,6","43,1","40,5","31,8","42,2","37,9","44,3","28,2","36,1","40,6","38,3","31,5","40,2","38,7","42,8","39,4","42,1","40,7","38,2","40,2",36,"34,3","38,2","37,4","31,7","35,3","37,6","34,9","39,5","39,5","42,1","30,3","36,1","41,5","36,1",38,"39,6","37,9","32,8","34,9","37,6","38,2","31,9",40,"38,2","34,6","39,6","34,6","37,4","33,6","42,3","33,8","40,7","38,1","30,1",39,"40,6","36,9","42,9","36,6","39,5","32,1","38,6","36,5",,"31,2","30,4","31,6","28,9",27,"28,9","27,1","29,8","32,3","30,4","28,2","28,4","28,9",32,"29,3","32,5",29,"31,8","28,9","28,6","31,6","31,6","30,9","25,6","31,5","30,3","28,5","32,3","25,4","31,2","30,9","30,3","32,7","28,8","31,5",32,"26,9","27,9","29,2","27,9","32,1","31,7","26,9","28,9",31,"31,4","34,6","28,3","30,4","27,1","27,4",29,31,"28,6",30,"29,1","28,7","27,9","30,5","30,9","30,6","29,3","29,2","27,6","31,2","29,5","31,2","28,1"
43,"36,4","37,6","38,3","39,1","41,7","36,9","35,4","40,9","42,8","40,2","38,2","32,2","44,6","28,8","39,1","42,5","36,8","38,1","31,7",41,"42,4","39,2","39,3",40,"42,4","41,1","42,6","38,3","38,8","34,3","36,4","37,5","35,7","37,7","34,9","32,6","43,3","30,6","39,5","39,7","37,7","36,8",37,"42,6","32,5","37,2","38,7","33,5","37,9",39,"40,8","31,8",35,"39,1","34,7","39,6","32,6","38,4",34,"34,6",30,"38,2","38,1","40,8","36,7","40,6","36,8","42,5",39,"33,7","36,5","40,7",,"33,9","31,7","34,3","33,8","30,3","29,4","32,4",32,"29,8","30,8","32,5","35,3","32,1","34,8","32,4","35,5","30,9","32,7","34,5","31,6","32,4","34,1","28,8","34,3","35,2","31,3","32,9","34,7","28,9","34,2","33,9","32,9","33,9","34,5",36,"31,8","30,2","30,1","32,6",29,"32,3","35,4","35,2","30,4","32,6",32,"34,8","31,8","31,9","33,6","30,2","30,3","34,1","29,1",32,"33,4","30,9","32,1","33,8","33,1","30,3","33,1","32,4","35,2","32,2","30,2","33,7","34,7"
44,"37,3","38,6","37,6","39,4","38,3","41,2","42,9","36,8","33,5","40,9","43,5","39,2",29,"43,9","39,6","45,7","41,3",37,"39,5",32,"41,1","38,9","44,5","39,9","41,7","38,7","43,8","42,6","38,9","36,1",38,"36,1","38,6","35,9","33,6","36,8","43,9",31,"40,8","40,4","43,4","38,2","37,1","38,8",38,"34,3","32,9","40,7","37,9","39,8","41,8","33,1","36,3","38,9","39,6","34,7","38,3","34,2","44,4","34,7","41,8","30,7","38,4","38,8","37,3","40,8","36,9","44,2","40,1","37,9","31,7","42,1",,"31,7","31,3","32,2",29,"29,8","29,7","27,4","27,5","27,8","27,8","32,4","30,3","29,3","33,2","29,8","33,1","28,8","28,9","31,7","29,7","31,7","31,3","26,5","31,8","30,6","29,2","31,8","32,7","25,9","30,2","31,5","31,3","31,9","28,5","33,2","31,1","29,5","27,9","27,5","26,6",32,"26,8","31,7","29,1","32,6","28,8","29,8","28,6","28,9","30,9","26,9","27,7","30,6","29,2","31,1","29,1","31,5","28,2","30,6","29,5",31,"30,3","27,6","29,3","31,1","28,7","27,7","31,6"
45,"38,8","36,8","39,4","37,5","40,9","36,3","38,5","42,8","43,2","40,8","38,2","32,1","44,2",29,"46,3",40,"36,6",41,"38,4",31,"39,1","40,9","40,3","44,7","38,7","42,3","43,3","43,7","37,8","36,2","35,6","37,8","33,7",39,36,"35,3","43,9","30,6","40,3","40,4","38,1","38,7","36,7","43,7","38,8","41,1","32,8","33,8","38,1","33,3","41,8",40,"35,5","34,4","39,6","37,8",38,"34,2","34,9","43,6","41,4","30,2","38,5","38,3","35,2","43,8",41,37,"40,8","31,6","37,5","42,3",,"31,6",35,"34,9","34,9","32,3",33,"29,8",30,"33,8","35,6","30,8","30,7","36,1",33,"35,3","33,6","34,8","32,1","32,7","31,5","34,2","34,7","34,7","29,6",34,"34,4","31,7","36,2","33,4","34,7","29,4","34,5","34,7","34,4","36,6","31,5","29,7","30,5","31,5","32,6","30,1",35,"32,3","35,7","36,4","32,5","32,6","32,7","31,9","30,3","34,4","29,3","35,4","32,3","33,8","31,8",33,35,"34,3","30,7","32,4","33,5","29,4","34,9","32,5","34,2",34,"32,1"
46,"37,6","37,3","38,4","38,5","38,4","36,5","43,1","40,4","41,2","31,8","38,1","43,5","28,7","44,4","45,7","39,2","40,4","36,9",31,39,"40,9","38,3","40,7","43,8","41,4","40,3","41,8","37,1","34,5","35,5","38,2","37,3","38,8","35,2","32,8","34,4","30,6","41,2","44,1","40,6","37,7","36,5","43,6","38,1","33,1","32,7","37,9","40,6","38,3",40,"33,4","41,9","37,3","33,9","40,1","35,7","34,9","34,2","38,2","43,5","38,2","38,2","41,3","29,6","41,5","35,8","37,2","43,7","40,7","37,9","42,2","31,5",,"31,9","32,2","28,3","31,4",29,"22,6",28,"30,2","27,7","28,3","30,7","31,8","32,6","30,5","32,8","29,5","29,2","29,4","29,1","31,5","31,6",32,"26,5","31,6","30,4","32,2","33,5","29,5","26,2",32,"30,2","32,4","31,8","32,4","33,1","28,4","27,5","26,6","29,3","28,6","29,1",32,"27,3","32,6","32,3","29,7","28,9","29,4",28,"27,3","31,6","29,1","32,1","30,6",29,"29,2",32,"31,4","29,6","28,5",30,"28,9",27,"31,4","29,3",28,"30,5",32
47,"38,2",39,"38,7","39,4",39,"40,7","36,9","43,7","44,5","40,7","38,1",32,"46,6","28,7",39,"44,8","31,2","41,1","36,6","39,4","41,4",45,"38,9","41,3","41,7","39,1","43,6","42,4","33,1","38,5","35,7","37,4","39,2","32,9","34,7","35,5","41,8","45,4","40,8","31,3","38,2","38,5","36,8","43,5","32,6","40,5","33,5","38,8","37,4",33,40,"41,8","40,3",34,"35,6","38,8","34,7","33,6",38,"43,3",41,"38,6","30,4",38,"40,2",44,"35,8","37,3",38,"41,6",31,"40,4",,"34,5","35,2","31,2","34,3","28,6","32,2","30,3","32,9","30,8","34,7","33,3","30,5","33,6","31,8","34,5","35,3","31,8","33,8","32,9","32,1","28,8","34,1",34,"34,1","35,3","33,1","31,7","34,7","34,7","29,7","34,6","32,3","34,8",35,"35,6","32,6","31,8","30,7",30,"32,6",36,"35,8",33,"30,9",33,"32,9","32,6",36,32,"34,4","29,9","30,7","35,2",32,"33,1","33,8","31,8","35,1","32,6","35,4","32,9","33,1","30,3",34,"30,9","32,3",35,"34,4"
48,"39,9","39,7","38,4","38,8","39,7",45,"37,6","41,6","44,6","41,8",39,"32,7",48,"29,1",40,"45,5","31,8","42,1","37,3","40,6","42,6","41,8","45,8","40,2",39,"43,4","45,2","43,8",39,"34,9","36,6","40,3","34,9","39,3","33,6","36,1","42,1","45,5","41,7","31,6",37,"39,8","38,3","45,9","32,7",41,"39,6","33,7","38,4","33,6",43,"40,3",35,"34,4","39,7",41,"44,9","34,9","38,8",35,"39,7",40,"31,6","42,7","42,1","36,4","44,5","37,6","42,1","43,4","31,5","38,7",,"28,3",32,"31,3","31,5","30,1","27,6","28,2","30,5","28,9",28,"32,4","31,3","29,1","32,5","32,9","30,3","31,8","29,4","29,8","29,7",31,"26,3","31,2","31,7","32,1",31,33,30,"32,1",32,"26,9","30,1","28,9","32,2",33,"31,5",29,27,28,"29,9","29,5",32,"27,5","31,8","29,4","29,4","32,3","29,6","32,2",28,30,"28,5","31,6","29,3","29,8","31,8",32,"31,4","28,8","29,4","31,8","29,5","27,7","30,1","28,5","32,5","31,2","29,7"
49,"40,2","39,1","39,9","38,8","44,4","39,3","41,4","37,5","45,4","41,9","33,1","39,2","45,6","47,7","39,8","28,6","40,5","42,8",38,"31,8","40,4",43,"42,3","46,3","44,3","39,5",46,44.4,"34,5","39,7","36,9","39,7","39,8","35,5","32,9","36,5","46,2","41,8",42,"31,2","38,1","46,1","40,2","37,5",32,"39,3",42,"33,3","33,6",38,"44,1",40,"34,6","40,6","35,5","39,2",34,"34,9","38,7",46,"40,2","41,4","39,2","30,4","38,2","43,9","40,7",35,"44,5","32,1",42,"38,8",,"35,3",35,"34,6","31,3","33,6","30,9","31,1","32,8","35,8","31,9","31,1","34,6",32,"35,6","35,9","33,3","32,4","32,2","32,4",35,35,"29,3",35,"33,9",34,"35,6","32,8",36,"33,5",30,"35,5","35,2","34,8","34,7","31,7","36,3","33,5","32,6","31,3","31,3","35,3","35,3","30,8",33,36,"33,9","33,8","32,6",33,"35,3","30,4","31,3","28,5","35,1","31,6",34,"32,8","31,7","34,6","35,3","33,2","30,6","34,4","33,3","34,1",34,"31,5","32,7"
50,"39,3",40,"40,4","38,4","44,9","39,1","37,1","41,9","45,8","42,1","33,5","40,1","29,7","48,6","46,6","39,7","40,5","38,5",32,43,"43,9","43,3",48,"40,8",45,"45,5","40,5",47,40,"34,9","36,7","39,3","33,6","35,9","39,3","36,1",42,"30,7",46,"42,1",38,47,"39,1","40,2",40,32,"42,3","33,5","38,7","40,6",44,"33,7","41,5",36,"34,8",40,35,"35,2","46,3","40,2","42,3",31,"40,6","39,1","40,7","38,6","36,6","45,1","38,6","44,6","32,1","41,8",,"28,9","32,5","32,3","32,5","31,1","28,3","28,6","30,8","28,2","30,9","28,6","32,6",29,"30,6","34,1","32,9","29,5","29,6",30,"31,9",32,"32,3","32,9","26,3","30,7","30,1","31,9","32,6","32,3",32,30,"27,1","31,6","32,4",29,33,"27,9","29,6","29,8","28,1",32,"27,7","32,4","29,9","25,7","32,4","29,7","29,5",27,"29,7","32,3","28,4","32,2","29,4","29,4","31,7",30,"31,4","31,7",29,"29,5","30,5","31,2","27,7",30,"32,9","31,8","29,1"
51,"41,1","41,2","40,4","39,7","38,1","43,1","46,8","40,4","46,5","43,3","41,3","34,6","30,1","47,5","40,3","49,4","43,1","32,7","39,3","41,7","44,6","44,4","48,9","40,5","41,1","46,2","48,6","44,5",36,"37,3","40,6","40,1","39,9","36,3","32,3","36,3","42,9",31,47,43,"37,9","40,6","39,6","47,7","32,3","40,9","42,5","33,6","38,3","37,7","44,3","33,5",37,"40,3",35,"42,1","35,5","36,4","48,2","40,9","31,1","40,2","40,9","43,7","38,5","45,7",41,37,"44,9","32,5","42,1","39,5",,"35,4","34,7","31,4",35,"31,6","33,1",33,"31,6","31,8","34,9","34,8","31,4","34,8","31,7","36,3","33,8","35,5","33,2","32,5","33,1","35,6","34,4","35,5","29,2","33,3","35,4","33,9","36,1","34,8",35,"31,2","33,2","34,9","34,4",37,"31,9","30,9","32,9","33,4",31,"32,6","35,8","30,9",35,"33,8",34,"36,5","33,1","32,9","31,9","35,8","31,5","34,5","32,2","29,3","35,4","34,4",32,"34,3","35,3","33,2","31,4","34,2","35,1","31,1","32,6","34,5","34,6"
52,41,"41,2","39,1","39,7",40,"45,8","42,6","38,3","46,6","40,3","43,5","34,6","30,4","50,3","40,8","47,9",33,"39,4","42,8","42,1","48,1","44,5","40,7","43,9","46,1","49,3","45,4","41,4","41,3","37,6","39,7","35,3",36,"33,5","40,2","36,4","42,8","47,3","42,9","31,5",38,"49,4","39,5","41,4","33,3","39,9","41,3","32,1","45,1","34,3","39,2","40,4","41,7","37,1","40,7","35,6","36,1","35,2","48,5","40,1",39,"42,3","41,3","31,2",39,"42,5","36,7","46,7","45,5","32,9",40,"42,1",,"32,2",32,"32,2",29,"28,9","30,7","30,3","28,6","29,3","32,7",32,"28,4","33,2","29,3","32,4","30,4","29,7","30,2","31,9","30,6","31,9","32,1",32,"26,4","32,8","32,2","30,5","30,2",32,"26,8","31,6","29,7","28,8","31,5","31,6","32,2","28,3","29,4","27,6","29,7","29,2","32,6",32,"27,8","30,2","33,1",30,"29,9","28,8","30,4","28,1","32,7","31,9","29,4","33,3","29,8",30,"31,7","32,3","29,5","27,3","30,4","31,9","29,9","28,6","29,6","32,1","31,4"
53,"39,4","39,3","40,6","41,1","43,4","38,6","47,3","40,4","46,9","44,3","34,9","41,5","50,6","30,1","40,9","48,7","39,9","32,5","43,7",42,"44,9","40,4","44,9",49,"46,5",50,"42,9","45,6","41,7","37,8","39,8",,"36,6","34,1","37,3","41,1","48,1","43,5","31,6","42,7","39,9","38,4","50,3","41,8","33,1","41,4","40,1",,39,"40,4","45,8","34,4","42,6",36,"41,1","36,9","49,6","36,2","37,1",42,43,"40,2",32,"41,5",39,"46,1","41,1",36,"33,3","45,3","40,6","42,9",,"35,4","32,5","36,2","36,7","33,9","33,3","31,5",31,"32,4","34,6","31,4","35,6","34,5","34,2","36,6","32,4","36,3","33,2","33,9","34,1","35,4","35,6","30,3","34,3","35,4","34,1","33,8","35,8","34,8","33,5","30,8","34,1","35,5","37,2","35,1","32,3","31,3",32,"32,8","33,1","30,6","35,6","32,3","36,8","34,2","37,4","34,4","33,9","35,2","33,6","31,3","31,8","34,9","32,5",37,"33,4","35,1",34,"32,9","35,6","35,1","33,6","33,7","30,8","34,6","35,7","33,6","31,6"
54,"38,1","39,7","39,9","37,7","46,3",37,"39,3","43,1","45,8",43,"38,8","33,5","48,3","49,4","40,3",29,"37,7","31,4","40,1","35,5","39,6","44,4","43,7","48,2","41,1","44,2","45,4","48,9","40,6","38,8",36,,"35,4","35,9","39,8","32,4","41,2","42,4","46,2","30,3","38,8","36,2","49,3",40,"39,5","32,2","38,1",,"45,3","37,8","32,4","39,4","36,2","34,7","41,3","40,6",35,"47,9","41,1","35,9","38,1",31,"41,7","39,1","35,9","46,3","40,6","47,8","45,9","41,8","32,5","39,3",,"32,9","28,8","32,1","32,1","28,9","27,9","27,2","29,9","29,4","28,4","32,6","30,9","31,2","30,1","28,6","32,6","30,4","28,7","30,1","31,4","31,5","26,2","32,2","31,7","31,9",30,"30,5",33,"26,6","31,6","29,9","31,4","31,2","31,5",28,"32,5","27,8","29,1","29,3","27,5","31,7","26,5","28,7","32,4","29,7",30,"32,6","29,4","32,6","27,9","27,9","29,9","31,8","32,1","28,9","29,1","28,9","32,1",32,"29,6","27,1","31,1",30,"29,9","28,4","32,9","31,7","30,6"
55,"37,9","38,6","39,8",40,"46,1","39,6","36,8","42,4","38,7","42,7","44,8","32,7","48,1","39,7","28,7","49,6","40,4","36,4","32,1","39,5","46,7","44,3","43,3","39,2","48,5","40,2","44,3","43,6","39,6","34,8","37,7",,"39,2",35,"35,1","32,1","40,9","30,1","44,3","41,7","37,6","36,2","40,7","49,4","40,7","32,8","39,2",,"40,2","37,5","44,8","32,2","34,4","36,2","40,4","41,7","34,9","41,2","35,3","47,2","41,7","39,1","39,4","31,3","38,3",41,"46,2","35,8","32,7","45,9","41,4","39,7",,"31,8",36,"35,9","35,7","33,3","31,3","30,9",33,"30,2",32,34,"34,3","33,7","32,3","36,6","32,9",34,"34,5","32,3","35,6","30,1","34,5","35,7","35,2","33,8","35,5","33,1","36,5","34,2","34,5","30,8","33,2",32,"34,6","35,2","35,9","32,4","31,7","34,6","33,9","35,7","32,7","34,7","28,7","37,5",35,"34,4","34,8","31,3","31,2","33,3","35,4","30,3",32,"36,4","35,5","35,6","35,5","33,6","33,1","35,2","33,2","33,2","30,4","30,5",35,"33,5","31,7"
56,"39,4","40,8","41,3","39,2","40,7","47,9","38,4","44,1","43,6","33,8","45,9","40,7","41,6","29,8","51,4","49,9","38,5","41,5","42,2","32,7","40,8","45,8","48,9","45,4","46,3","45,2","50,9","42,6","40,4","41,6","37,8",,"37,3",34,"37,4","40,7",48,"42,9","31,7","43,7","39,8","51,6","38,5",42,"33,5","41,3","39,8",,"38,3","42,7","45,8","33,7","38,1","35,8","41,4","41,6","36,4","35,5","49,3","41,8","31,7","39,6","39,7","41,4","39,6","42,4",35,48,"46,9","32,7","40,5",43,,"32,9","32,4","33,2","29,5","28,4","30,1","28,7","30,7","31,7",32,"29,5","28,3","31,5","30,1","29,2","32,7","29,8",31,"30,8","32,6","27,7","32,4","31,8","32,6",33,"33,7","30,9","30,9","30,9","32,2",32,"28,3","32,3","29,3",33,"33,3","28,6","30,7","30,3",28,"27,3","32,1","29,3","32,4","30,7","30,6","30,2","33,6","28,4","28,8","30,4","32,9",32,"29,5","29,5","32,6","29,5",32,"30,4","32,4","31,6","30,6","28,3","30,7","28,1","32,5","31,1","29,6"
57,"39,1","40,7","40,2","41,6","40,4","38,1","48,5","43,8","46,4","44,1","40,5","33,4",50,"51,2","41,4","29,8","32,6","41,8","38,8","43,1","40,5","44,8","47,4",46,"47,8","45,4",42,"52,2","42,1","37,4","39,8",,"40,5","33,3","36,5",37,"47,9","43,3","43,6","31,5","37,3","38,5","51,8","41,2","33,3","40,3",41,,"39,9","36,5","34,7","46,3","42,2","35,5","41,2","38,1","36,7","35,5","48,7","42,4",40,"40,4","42,9","30,8","42,6","39,4","47,3","35,2","43,1","46,8","32,8","41,3",,"34,9",35,"31,7","35,3","33,5","32,2","31,8","34,3","35,3","30,9","32,4","34,8","34,8","32,5","35,5","33,8","34,5","33,5","36,5","33,6","30,8","35,5","35,6","35,3","35,2","33,3","33,5","36,5","34,9",35,"31,3","33,5","34,7","32,6","35,5","37,5","33,3","31,3","31,4","33,7","30,1","35,7","35,7","32,5","34,7","37,5","34,1","35,2",36,"31,6",32,"33,6","34,8","32,9","29,6","36,3",33,"35,3","33,8","35,3","34,3",35,31,"33,6","34,5",35,31,"32,9"
58,"40,5","39,4",41,"39,4","40,8","48,7","43,2","38,1","46,8","33,7","44,7","40,5","50,9","41,8","50,5","30,1","41,3","39,3","43,5","31,8","46,1","44,4",39,"46,9","47,7","52,5",46,"42,5","39,4","36,7","41,6",,"36,7","40,8","33,4","37,5","43,8",49,43,32,"37,5","38,4",52,"40,6","39,6","41,5","33,9",,"40,6","35,4","46,2","33,7","34,9","40,5","41,3","36,2","37,1","42,8","49,2","35,5","39,1","40,4","42,6","31,1","38,8","34,7","48,2","41,5",32,"40,5","47,3","42,8",,33,"32,4",32,"29,1","29,6",29,"30,4","28,5","28,1","29,3","32,4","31,9","31,1","29,3",30,"32,5","30,5","33,1","30,3","29,8","32,4","27,5","32,5","32,3","33,3","32,6","30,6","30,3","31,6","30,4",32,"28,1","33,8","31,4","32,4","29,5","28,2","27,8","30,3","29,7",32,"29,4","32,2","27,4",34,"31,2","31,5","30,9","32,4","28,4","30,4",28,"32,3",30,"32,8","29,5","29,6","31,8","30,6","32,3",31,"28,2",32,"30,7","32,3","28,3","31,8","29,9"
59,"39,2",41,"40,2","41,9","43,8",41,"48,6","38,3","45,4","41,4","47,6","33,6","51,9","30,4","42,6","51,5","29,2","39,8","41,9",44,"39,8","48,5","45,5","45,5","47,3",43,"53,6","48,6","42,4","39,8","37,1",,"33,9","36,7","40,9","36,8","48,7",44,"31,3",43,"53,3","42,2","38,2","38,5","41,1","40,4","34,1",,"34,9","39,3","34,8","47,4","42,6","35,8","41,8","37,4","35,7","49,4","43,2",37,"39,7","31,1","41,1","42,9",42,"35,5","48,4","39,7","32,6","40,5","42,7","48,1",,"35,3","34,7","35,7","31,6","34,6","31,5",29,"34,6","35,1","32,4",31,"35,5",33,"32,6","33,6","35,9",33,"36,2","34,1","33,5","35,1","35,1","29,9","35,5","35,9","32,7","35,1",33,"35,3","34,7","31,4","33,5","32,1","34,8","36,6","34,8",33,31,"34,6","31,1","33,3","35,8","35,6","31,3","34,9","34,6","36,8","33,8","33,5","32,6","35,1","31,6","36,6","33,1","35,3","32,7","34,6","35,6","33,9","32,9","33,6","35,1","30,8","34,4","35,5","31,1","32,5","34,5"
60,"41,9","40,5","39,8","42,4","43,7","42,2","38,5","50,5","45,9","48,6","33,8","41,3","42,7",51,"30,4","52,8","32,1","42,2","43,1","39,4","46,3","44,8","46,7","39,9","54,2","48,9","43,3",47,"37,7","39,9",42,,"37,3","36,8","41,1","33,6","42,9","30,9","43,7","48,5","38,6","38,2","41,4","54,1","33,6","40,6","40,8",,"34,3","47,6","41,4","33,8","36,2","42,3","42,4","37,6","36,7","35,8","42,8","50,2","38,6","41,6","30,9","39,6","39,7","35,6","49,2","41,7","40,4","32,6","48,1","42,5",,"31,8","28,7","32,3","32,9","29,6","31,6","31,5","28,5",28,"29,2","32,1","32,2","30,7","32,8",30,"29,7","30,3","30,2","32,4","30,9","27,8","31,9","32,6",32,"30,7","33,3","32,6","30,3","30,5","32,1","31,8","28,2","32,7","34,2","29,5","32,5","30,8",28,28,"30,2","32,5","29,7",28,"31,8","30,9","30,5","32,8",30,"28,4","32,5","30,4","28,8","32,9","32,4","29,9","30,3","30,9","29,9","32,5","31,8",28,"30,9","31,9","30,7","32,9","31,7","29,8","28,8"
61,"40,7","40,8","42,6","40,8","42,2","43,8","38,8","50,6","41,8","49,8","46,3","34,4",51,"31,2","42,9","53,4","32,9","44,4","40,2","42,9","41,1","48,6","46,7","46,3","44,5",51,"47,5","54,9","42,8","40,7","38,2",,34,42,"36,7","37,8",49,"44,1","45,2","32,1","37,5","39,2","55,1","41,9",42,"33,8","41,3",,"34,1","34,8","42,7","48,6","42,4","36,1","42,1","37,9","37,2","43,6","50,1","36,8","42,5","39,4","31,4","40,2","40,2",50,36,"42,6","40,7","32,5","49,2","42,2",,"34,6","36,3","32,3",35,"32,5","34,3","34,3","31,8","35,4","31,9","35,9","31,4","33,8","32,7","36,2",34,"33,8",34,"33,4","36,2","34,9","35,2","35,5","30,4","35,8","33,9","33,5","36,3","31,4",35,"35,2","33,5","35,9","34,4","32,4","37,8","34,2","31,1","34,6","32,1","31,5","33,3","35,7","36,1","35,3","35,7",34,"36,8","31,7","36,5","34,1","31,7","32,5","33,3",36,"37,1","35,8","34,1","33,5","36,5","35,5","34,6","31,8","33,4","32,2","36,1","33,8","35,4"
62,"39,9",42,"42,6","40,3","41,5","44,7","51,2","38,8",47,"34,1","45,4","41,1","50,4","42,5","30,2","53,4","42,3",32,"43,5",40,"46,4","41,1","45,7","47,2","50,5","43,6","46,7",55,"42,2","39,7","37,7",,"41,2","37,1","36,6","33,7",31,"43,7",44,48,"35,1","38,7","54,7",42,"41,4","33,5","41,1",,"33,8","41,4","34,3","48,4","42,5","37,5","42,2","35,3","44,9","36,3","36,9","49,3","43,2",39,"31,7","39,6","35,9","49,6","39,6","42,1","42,9","32,5","49,2","40,5",,"32,2","33,2","29,2","32,6","29,5","28,5",30,"30,3","29,5","32,6","31,4","28,5","30,8",30,"30,5","32,4","30,6","30,3",33,"31,4","32,6",32,33,28,33,"30,6","31,1","33,5","28,5","32,7","30,5",32,"32,2","33,2","29,5",34,"27,9","28,3","30,3","30,7","31,7","32,4","29,9",28,"31,6","33,8","30,4","31,3","28,8","28,8","33,7","30,7",33,"32,9","29,6","29,6",33,"32,2","30,4","29,5","27,9","29,9","31,4","30,4","29,1","30,5","33,3","31,9"
63,"39,6","43,8","40,5","41,9",51,"39,2","42,6","44,9","49,3","45,2","34,1","41,9","30,4","51,2",54,43,"40,1","32,1","43,4",45,"41,4","48,3",50,"46,2","45,7","50,4",44,"54,4","39,6","43,7","38,3",,"36,8","41,8","37,3",34,49,"31,6","43,8","44,3","34,4","38,8","42,4","54,9","33,6","40,2","41,3",,"33,6","49,2","41,6","34,6","35,2","42,6","37,9","42,6","37,6","36,4","50,8","45,2","41,7","31,6","39,8","38,4","49,4","41,8",40,"36,2","40,8","43,1",49,"32,4",,"36,5","35,5","31,7","35,8","34,2","34,6","32,6","31,6","33,1","34,8","36,2","31,7","32,3","34,2","35,6",33,"33,1","36,4",34,"34,9","35,9","35,2","30,8","34,6","33,7","33,2","36,3","36,1","35,4","31,7","32,9","35,2",36,"37,8","34,3","32,8","34,6",31,"32,1",35,"33,2",35,"35,5","30,7","37,3","35,9","35,3","33,8","35,2",33,"32,5",32,"36,2","33,8","36,4",33,"36,1","36,5",33,"34,3","33,7","35,3","31,2","34,1","35,3","31,2",33,"34,9"
64,"41,7","40,4",44,"39,6","43,9","42,1","39,2","50,9",50,"45,4","41,8","33,5","51,4",42,31,54,"32,3","45,2","40,6","43,1","50,7","45,5","48,9","40,9","44,6","55,5","51,2","46,9","39,2","38,1","43,3",,"33,2",36,"39,3","36,5","31,8","44,6","43,2","49,2",42,"32,6","54,7","38,1","41,8","40,5",34,,"41,4","32,6","48,8",34,37,"41,7","42,5","34,9","35,4","36,6",45,"49,7",38,"31,1",42,"39,4","36,1","42,6",40,"49,9","42,6","40,4","32,4","49,5",,"32,3","32,4","29,4","32,5","30,4","30,8",29,"28,1","32,7","31,1","29,9","28,1","29,3","29,7","31,6","30,4","31,2",33,"29,6","30,8","27,5","31,9","32,6","32,1","30,4","30,6","32,7","33,7","30,9","28,7","32,4","32,7",32,"34,4","33,1","30,1","28,4","27,6","31,2","31,2","31,9","27,9",30,"32,3","31,8","31,7","30,6","33,6","28,9","33,2","30,9","28,9","32,4","32,7",30,"29,6","29,6",30,32,32,"30,4","30,8","31,9","28,1","32,8","28,7","31,9","29,7"
65,"40,5","42,1","43,7","40,3","39,9","46,9",42,"38,1","45,3","41,3","50,6",34,"30,6","51,1",54,"42,7","44,7","32,6","39,6","42,7","51,8","45,1","40,3","48,7","55,1","44,9","46,9","51,9","39,3","42,8",39,,"36,6","40,1","33,8","37,5",44,"32,1","49,1","44,5","32,6","38,6",42,55,"42,7","34,7","41,3",,"42,4","32,7","35,7","49,6","43,7","35,6","38,2","42,2","36,2","44,9","37,1","51,4","42,2","39,6","31,4","38,1","42,6","40,1","36,1","49,2","33,3","43,2","50,8","41,1",,"35,2","32,1","34,9","35,2","34,9","31,4","34,4","32,5","35,7","34,9","33,7","31,8","35,7","32,7","32,9","33,8","34,2","33,7","33,4","36,7","35,5","35,5","30,6","34,6","36,3","34,1","33,3","35,5","35,3","33,7","35,8","31,4","35,5","33,9","34,5","37,5","31,4","32,1","35,1","34,5","32,9","35,4",35,"30,7","36,8","35,4","34,6","35,6","34,1","31,6","36,6",33,"36,2","33,6","36,3","33,4","36,4","35,9","33,3","34,2","35,2","33,2",32,"34,2",32,"33,4","34,2","35,2"
66,"39,8",40,"44,1","41,4","40,9","38,8","48,5","43,2","41,7","51,6","45,9","34,1","53,5","51,8","42,3","30,4","32,5","43,9","43,4","39,3","40,6","51,6","48,9","45,2","55,1",51,"45,5","48,1","42,9","38,2","38,8",,36,"33,8",40,"37,1",44,"49,1","32,2","44,5","54,2","38,4","31,6","41,7","41,7","34,2","41,1",,"35,1","41,4","31,6",49,"35,1","43,1","41,4","37,5",45,36,"35,6","49,9","37,9","31,5","39,2","42,5","42,2","39,2","35,8","48,8","42,7","40,7","50,4","32,4",,"32,5","29,3","31,6","31,4","31,6","30,5","28,2","29,2","28,3","20,1","32,8","31,4","29,9","31,6","29,5","29,3",30,"30,6","30,8","32,9",32,"27,6","32,4","33,2","30,3","32,5","33,3","30,3","30,3","27,5","32,1","32,3","30,1","34,1","32,4","32,2","27,6","31,1","28,2","30,8","29,4","31,5","31,9","27,1","31,7","31,1","31,7","33,1","32,7","28,5","31,9","29,4","33,1","32,4","29,8","29,8","20,3",32,"30,7","32,5","31,5","28,2","30,4","30,3","28,7","29,6","32,3","31,3"
67,"39,6","40,5",44,"39,4","41,1","38,2","44,4","49,6","52,2","41,8",36,"34,4","51,8","53,4","30,1",42,"39,4","43,7","31,7","42,6","52,7","49,8","41,1","44,9","45,1","56,4","48,1","51,6","43,9","38,6","38,5",,"36,3","33,8","37,6","40,3","45,2","31,7","49,2","44,5","32,1","36,4","55,1","42,1","40,4","40,9","34,4",,"40,2","31,2","34,5","49,2","42,2","42,7","35,5","38,2","37,1",46,"36,1","51,6","39,7","42,6","38,1","31,7","36,4",50,"42,1","39,4","51,5","34,5","41,2","32,6",,"35,6","35,2","31,7","34,8","32,9",34,"33,7","32,1","36,1","34,6","33,5","31,9","32,5","34,7","34,2","32,4","33,8","36,3","33,7",34,"35,3","34,3","36,1","30,7",33,35,"32,1","36,4","35,6","35,4","31,5","33,8","35,6",38,"35,1","32,3","31,1","31,7","34,6","34,2","35,6","31,5",35,"32,7","34,4","35,2","35,1","36,7","35,1","32,5","36,2","31,3","32,3","36,2","33,5","37,7","35,9","34,3","35,2","36,1","30,9","33,7","34,7","34,5","32,8","31,5","34,8",35
68,"33,8","40,1","44,3","40,6",49,"40,1","43,5","37,8","33,6","41,7","52,6","46,1","53,1","51,5","42,8","29,9","42,8","44,2","33,7","31,6",41,"44,8","51,5","49,3","45,5","55,4","51,5","47,3","37,9","37,8","42,8",,"36,9","36,1","40,2","33,3","31,9","44,2","48,2","43,8","33,2","41,4","54,5","37,3",34,"41,2","39,6",,"29,6","48,1","40,1","33,7","38,2","42,9","42,7","35,6","36,1","45,8","37,1","50,2","38,6","42,3","31,1","39,3","50,2","39,1","43,5","36,1","42,4","50,5","40,8","32,9",,"28,9","32,3","32,1","32,2",31,"30,3","31,2","28,7","33,2","30,2","32,1","28,1",30,"30,4","29,7","32,4","32,8","30,6","30,4","30,9","32,7","32,5","32,9","28,4","33,3","30,5","34,3","30,5","28,5","32,9","30,9","33,2","32,6","30,3","34,9","32,4",31,"28,3","31,4","28,2","31,9","29,4","31,8","26,9","31,7",32,"33,3","31,4","30,8","28,8","32,9","29,1","32,7","33,8",30,"30,3","32,2","32,8","30,6","30,5","30,3","31,3","31,6","28,3","28,9","32,6",33,"30,3"
69,"44,2","40,6","40,6","39,7","50,1","43,5","40,5","38,7","41,7","46,1","51,6","33,8","53,9","53,2","43,1","30,8","40,5",43,44,32,"53,3","49,4",42,"45,6","48,1","45,3","57,1","52,3","37,4","43,7","38,9",,"35,9","38,1","40,6","34,9","32,1",49,"45,5","44,9","38,4",34,"42,7","55,2","40,9","34,2","40,1",,30,"40,6","49,5","34,7","35,2",38,"42,8","42,1","36,5","51,6",37,"46,3","31,6","42,8",39,"38,6","44,2","40,3","50,4","37,3",51,"32,6",42,"41,3",,"35,6","35,5","35,2",32,"30,8","32,8",34,"35,7","36,5","33,8","32,6","36,1","36,2","32,3","32,6",33,37,"33,5","33,2",34,"35,3","35,2","30,7","33,6","33,7","36,1",33,"35,9","35,7","35,4","33,7","30,6",35,"33,1","35,2","37,1","34,4","31,7","34,9","32,3","35,7","30,3","35,1",32,"35,4","34,5","34,6","36,8","34,3","36,5","32,3","32,6","38,1","35,9","33,7","33,3","35,3","32,6","33,4","35,3","34,9",31,"33,8","33,6","32,3","35,8","32,9","35,5"
70,"39,5","38,4","40,1","43,8","50,2","40,8","44,3","37,7","46,6","42,2","51,9","33,9","53,4","43,2","30,4","53,6","42,2","31,8","43,8","38,8","52,4","45,2","40,3","45,1","53,1","48,8","45,3","56,8","37,2","43,1","38,2",,"37,3","41,1","35,5","34,1","48,4","44,3","31,5","44,4",33,56,"38,8","41,8",40,"40,5","33,9",,"49,3","29,8","41,2",34,"41,4","38,4","35,1","42,7",46,36,37,49,"31,5","42,3","39,8","39,3","39,6","50,5",44,"36,7","41,6",32,"50,2","40,3",,"32,4","32,8","32,2","29,1","31,3","30,3","31,1","28,6","30,5","28,7","31,7","32,2","29,6","29,8","32,6","29,6","30,4","30,2","30,6","32,6","28,2","32,3",32,"32,4","30,3","33,1",30,"33,2","28,2","30,6","32,8","32,7","29,8","32,9","31,9","34,1","28,6",31,28,"30,6","31,2","27,9",32,"29,3",32,32,33,"31,4","28,4","30,4","28,9","32,8","32,8","33,9","30,7","29,7",30,"32,1","32,5","30,8",32,"30,8","31,3","27,9","30,9","29,7",33,"32,2"
71,"39,8","38,5","40,3","43,3","38,5","40,4","50,7","44,3","33,2","52,3","46,6","41,7","31,1","53,6",43,"54,3","31,6","39,2","42,7",44,"49,6","44,2","52,1","40,5",46,"53,1","48,6","56,6","36,8","42,3","38,5",,"35,8","36,5","32,8","40,8","44,8","48,7","31,5","45,5","33,7","38,8","56,3","41,7","40,4","39,7","33,6",,"33,4","29,5","41,2","49,7","42,1","35,4",38,"43,1","35,2","35,7","49,6",46,"39,7","41,9","31,8","38,3","36,8","50,8","43,5","39,3","50,4","41,3","32,3","40,8",,"31,7","35,4","35,5",35,"33,1",35,"34,1","31,8","32,9","35,1","32,4","35,6","31,9","33,2","33,3","36,8",34,33,"34,2","36,2",31,"35,7","34,8","35,4","36,3","35,9","34,1","33,6","33,8","35,5","35,2","32,4","32,8","35,8","35,1",38,"31,7","33,9","31,9","34,1",31,"35,5","32,8",36,"35,8","37,2","35,3","34,1","34,9","32,9","32,8",36,34,"38,3","36,8",34,"33,6","35,4","34,4","36,5","33,6","34,3","32,6",31,"36,2","35,3","34,1","32,9"
72,"40,4","39,5","43,9","41,3","41,4","45,2","38,9","52,6","33,5","51,6","42,9","47,3","44,1","55,5","55,9","30,6",41,31,"36,4","40,6","45,1","50,4",42,"51,9","53,9","47,5","46,8","57,5",44,"38,1","38,5",,"37,3","41,1","33,5","35,8","45,4","31,9","45,6","49,9","57,6","33,9","38,8","43,4","33,8","39,4","40,4",,"33,4","42,3","29,8","50,6","35,5","42,8","41,5","38,2","35,8","35,4","50,4","46,2","31,8","41,3","38,6","38,7","36,8","44,2","39,9","51,3","31,7","50,1","41,4","41,3",,"31,3","31,7","32,2","28,5",31,"29,1","31,7","30,1","28,5","31,6","32,5","29,9","29,6","32,7","29,5","29,6",30,"30,5","30,9","32,4","32,6","32,7",33,"27,8","31,3","30,3","32,5","33,5","33,4","30,9","29,1","32,4","31,9","29,7","34,5","32,7","29,2",28,"31,1",31,"32,3","28,3",32,"29,8","32,1","30,9","31,9","33,2","31,2",29,"28,7","33,2","33,2","31,2",30,34,"32,4","32,2","31,1","30,3","30,7","31,7","31,7","27,5","32,6","29,2",29,"33,3"
73,"40,3","43,4","39,6","40,8","52,6","40,4","44,5","38,8",52,"33,5",43,"47,6","43,7","56,4","55,8","30,4","42,1","32,1","43,8",38,"50,1","52,2","42,2","45,2","57,6","47,6","47,3","53,9","38,6","43,6","37,3",,"35,3","40,6","33,3",37,"45,6","50,2","31,8","46,1","43,3",58,"39,1","34,6","33,8","40,2","39,2",,"30,6","33,7","42,5","50,4","41,3",38,"34,8","41,3","35,8","46,3","36,3","50,1","31,9",41,"38,8","38,6","44,1","40,2","52,1",37,"32,3","41,5",51,"41,4",,"31,3","35,4","35,6","35,8","30,8","36,1","34,7","32,2","32,8","36,2","35,2","33,5","30,2","33,2","36,1","33,3","36,7","33,5","33,74",34,"30,1","34,4","35,3","35,7","37,1","34,9","33,9","36,3","36,3","34,7","33,7","31,4","38,2","32,9","34,8","36,3","34,2",32,"31,7","33,9","34,2",36,"33,8","30,4","37,1","37,1","37,8","34,4",37,"35,3","32,8","31,7","37,9","36,8","33,6","34,4","36,4","36,1","33,3","35,1","30,4","35,4",35,35,"33,3","36,2","33,9","31,1"
74,"40,3","40,8","38,5","43,8","44,5","38,7",40,"52,8","52,9","42,3","47,9","33,6","55,6","54,9","43,1","30,6","41,9","31,7","44,4","38,3","51,6",42,"45,2","51,7",47,"57,8","47,7","53,3","37,2","43,4",39,,"37,7","35,3",34,"40,9","50,2","45,7",46,32,"43,3","38,3","34,9","58,7","33,6",39,"40,5",,"33,5","28,8","49,4","39,8","37,5",35,"41,1","41,7","35,2","35,7",46,"49,5","41,5",40,"32,2","38,8","36,9","51,4","39,6",44,"41,9","32,1","52,1","41,1",,"32,3","28,9","31,8","31,6","31,8","29,5","30,9","31,5","30,4","31,9","28,8","31,8","28,2","32,4","29,4","29,7","30,6","32,6","30,5","30,3","32,2","32,9","32,3","27,7","31,6",33,"30,4","33,7","31,4","32,8","28,4","33,1","29,7",33,"32,1","34,6","30,7",31,"29,3","28,3","27,7","31,8","31,9",30,"33,8","32,5","32,3","31,1","28,8","33,1","29,2","31,6","33,1","33,9",31,30,"32,3","30,4","32,4","30,7","30,5","31,1","31,5","27,7","29,7","33,9","29,2","31,6"
75,"41,2","43,7","39,6","39,8","41,1","52,3","44,7","38,6","53,3","47,3","42,2","33,6","55,5","43,8",56,31,"38,9",32,"42,5","44,1","52,9","45,5",51,"42,2","52,7","56,9","47,6","47,2","38,3","37,5","43,1",,"35,6","37,1","33,8","39,8","46,6","45,9","31,8","50,9","34,5","58,4","38,5","43,1","40,6","39,1","33,6",,"27,7","33,9","41,1","49,9","42,6","34,5","40,9","37,4",36,"35,8","50,4","46,5","39,2","38,6","41,9","31,8","43,4","51,9","39,4",37,"32,3","40,8","41,7","51,6",,"34,8","35,2","32,2","35,8",35,"33,5","34,5","32,8","32,1","35,4","34,2","33,1","30,7","33,3","33,3","35,7","33,9","32,9","36,3","33,1","35,7","35,5","36,1","30,8","34,2",37,"36,1","33,1",36,"35,7","31,4","34,2","35,5","37,4",36,"32,7","31,6",34,"34,9","32,1","35,3","35,7","33,1","31,1","36,8","36,1","36,2","34,5","32,8","36,5","35,4","31,1",38,"37,1","34,5",34,34,"35,6","33,7","34,8","34,4","33,4",31,"34,1","32,1","32,2","36,7","34,6"
76,"39,5","40,4","43,4","40,5","38,7","50,7","44,5","40,1","53,3","47,9","42,8","33,3",31,"56,7","54,3","43,2","39,2","31,5","42,8","43,7","52,4","53,3","45,9",42,49,"53,9",58,"48,2","37,7","43,1",37,,"33,2","40,2",35,"36,3","45,7","48,9","31,6","45,6","33,8","57,8","43,1","38,7","38,6","33,8","40,1",,"49,6","33,7","40,6",28,"35,4",43,"37,9","42,1","46,8","50,5","35,3","35,8","38,5","39,1","32,3","40,5","39,3","41,3","51,5","36,7","51,8","31,7","40,1","41,5",,"31,6","31,9","28,5","31,1","32,4","30,7","31,2","29,5","29,1",32,"32,8","29,7",29,"29,5",30,"32,6","30,2","29,3","32,6","30,9","32,2","32,7","32,3","28,2","30,1","32,5","33,6","31,1","30,5","32,4","32,5","28,5","32,1","32,7","29,6","34,3","30,5","31,4","28,3","28,7","31,9","31,9","29,4","27,4","31,2","32,2","32,9","32,3","33,2","27,6","29,1",32,"33,3","30,1","33,5","30,1",32,"30,4","30,4","32,4","31,7","30,4","30,7",28,34,"31,2",29,"28,8"
77,"39,4","43,9","39,4",40,"40,7","51,8","44,3","38,5","32,3","53,4","42,4","48,1",58,"56,3","44,1",30,43,"43,8","31,6","38,3","53,2","42,2","46,5",53,"47,7","52,2","58,5","56,7","43,5","36,4","37,7",,"33,9","40,7","35,2","37,2","45,8",46,"31,7","49,5",57,"38,7","42,8","33,3","38,6",40,"33,8",,"39,5","48,9","33,6",,"41,3","38,2",43,"35,7","35,2","36,3",47,51,"32,4","39,5","38,9","41,2",41,37,"51,6","39,5","51,8","42,1","40,5","32,1",,"32,2","36,1","34,8","35,3","34,7","35,5",34,"32,6","36,5","32,1","35,1","33,5","32,5","30,8","32,1",35,"35,9","33,5","33,1","33,7","35,3",35,"34,5","30,9","36,3","34,1","33,9","36,6","35,9","35,3","33,9","31,7","32,9","35,6","37,6",36,"34,8","31,8","33,8","31,8","32,7","35,1","30,7",36,"36,6","37,3","36,2","34,3","32,4","31,8","35,1","36,3","33,9","37,1","37,9","33,9","34,4","34,2","36,1",36,"31,4","34,5","35,6","35,3","32,8","37,2","32,6","35,3"
78,"44,4",40,"40,3","40,6","53,4","44,7","39,7",41,"47,6",42,"54,2","32,6",57,"57,8",45,"30,6","39,4",43,"44,1","31,5","46,3","52,8","53,1","41,2","53,7","57,6","49,3","49,8","37,7","43,6","36,1",,"36,5","40,4","33,9","34,4",46,32,"46,2","49,5",39,"56,2","33,1","41,4","40,8","38,1","33,8",,"40,6","33,6",48,,"35,5","42,4","41,9","38,2","50,4","47,2","35,5","36,1",39,"38,3","32,2","40,3","37,8","50,6","36,1","39,7","41,3","51,8",41,"31,6",,"32,1","27,6",32,"30,4","29,6","31,5","30,8",32,"29,4","31,6","29,8","32,6","28,2","32,1","29,6","29,1","30,3",30,"30,2","32,4","27,9","32,2","31,6","32,1","32,9",31,"30,5","33,6","30,3","27,9","32,5","33,1","32,9",32,"29,9","34,1","28,9","30,7","31,7","29,5","32,1","32,3","27,2","29,7","30,8","32,1","33,7","32,3","29,5","32,2","33,5","29,1","33,6","33,8","29,9","30,4","32,4","30,2","32,6","30,9","31,4","30,9","28,2","32,1",29,"32,3","33,7","29,4"
79,"40,6","44,9","40,6","40,7","44,7","40,8","53,2","39,5","42,6","54,9","48,2","34,2","59,3",45,"57,1","30,8","44,6","44,4",32,"39,9","47,5","54,7","54,6","42,8","49,5","49,8","59,3","54,2","36,8",45,"38,1",,"41,2","34,8","34,6","37,9",51,"46,6","46,4","31,7","34,1",42,"57,7","39,7","38,5","33,7",41,,"40,6","33,8","47,8",,"43,2","38,7","41,3","35,5","47,8","35,7","50,6","36,5","32,7","41,2",41,40,"40,9","39,3","52,8","37,2","42,4","32,3","52,6","41,1",,"34,9","33,9","31,7","35,2","35,7","35,2","32,9","34,3","35,8",33,"33,1","33,8","28,7","32,1","33,8",36,"33,3","32,9","33,6","36,6","35,1","31,4","35,8",35,"33,3","36,1",36,34,"31,7","35,5","34,3","36,3","36,3","33,5",38,"35,7","32,5","35,1","34,7","32,9","30,5","35,6","36,1",33,"36,5",35,37,"36,7","35,4","32,9","36,8","33,5","37,5","34,4","34,4","36,8","37,7","35,1","36,5","34,7","35,7","35,9","30,7","34,1","32,4","35,9","36,4",33
80,"41,1","40,2","41,2","45,2","40,7","45,5",54,"38,9","42,9","33,6",55,"47,8","30,7","44,7","58,3","57,7","39,2","32,1","43,8","44,1","46,9","53,4","53,3","41,4","59,5","54,1","50,2","50,3","38,3","36,4","44,1",,"41,4","38,1",34,34,"50,6","31,5","46,1",46,"41,9","33,8","39,1","57,9","33,9","38,2","40,5",,"32,9",41,"48,6",,"37,9","41,9","35,3","41,1","47,3",51,"35,5","35,8","32,2","39,4","39,4","40,7","38,3","38,9",52,37,"53,4",32,42,"40,9",,"32,4","32,2",32,"29,3","30,4","28,7","31,5","32,2","32,8","30,4","31,4","29,2","29,1","30,2","32,4","25,3","29,1","33,2","29,9","30,1","32,6","28,1","32,2","32,9","31,3","30,6","33,2","33,1","28,4","32,7","30,6","32,7",33,"34,8","30,4","32,9","29,4","31,4","29,3","30,8","27,9","32,1","29,5","32,2","33,1","30,9","32,5","32,3","29,6","33,1","29,5","31,7","30,3","30,5","33,2","33,6","32,7","31,2","30,4","32,7",32,"30,5","31,2","27,3","30,1","31,8","33,1","29,8"
81,"41,1","45,3","40,3","41,2",55,"40,4","39,5","45,8","40,7","32,4","44,4","52,1","44,6","57,3","58,5","30,1","31,7","44,1","44,4","39,5","53,7","46,7","54,6","41,9","59,6","53,6","50,2","50,4","36,2","44,5","37,8",,"41,2","37,4","33,9","34,3",32,"46,8","47,3",52,"38,8","34,5","41,7","58,1","33,5","37,6","40,8",,"49,5","32,8","40,3",,"34,8","38,1","42,9","41,3","35,9","48,1","34,6","51,4","39,6","38,4","31,6","40,4","37,9","36,6","39,1","51,3","41,2","41,2",32,"52,5",,"33,6","36,7","36,8","36,7","36,5","35,5","36,6","33,4","33,1","34,4","36,7","34,5","23,3","32,5","34,1","36,4","33,8","33,5","37,3","33,8","37,5","30,9","36,1","35,9",37,"35,3","37,8","34,6",35,"32,9","36,5","37,4","36,6","39,1","34,8","36,8","35,7","33,2","35,3","33,5","35,7","33,8","31,9","36,7","37,3","37,4","35,9","38,2",37,"36,1","33,8","32,5","37,1","37,2","34,6","34,3","35,3","37,5","35,8","37,5","34,6","35,2","32,1","35,3","34,8","34,9","38,1","33,6"
82,"40,6","41,3","40,1","45,4","40,1","40,8","55,2","46,2","45,9","33,1","41,2","52,5","44,4","31,2","58,2","57,8","40,2","32,2","44,7",44,"41,2","52,5","46,8","55,1","53,8",51,"50,8","60,4","45,3","37,6","35,8",,34,37,"41,2","34,4",48,"52,7","32,3","46,9","37,9","47,6","58,6",34,"36,4","40,3","33,9",,"33,2","40,6","49,8",,"41,3","34,4","38,3",43,"34,7","51,1","34,3","47,1","39,9","38,2","39,7","31,8","36,6","39,8","38,3","52,3","32,4","52,7","41,3","40,8",,33,"32,7","30,5","32,5",30,"31,2",32,"32,7","33,8","31,5","30,8","29,4","30,7","32,6","29,3",,"30,7","32,9","30,6","29,8","33,8","33,6","32,9","28,2",34,"31,3","33,6","31,4","33,3","29,5","33,7","31,7","33,2","35,2","33,3","30,7","32,5",32,"30,2","29,3",33,"28,5","30,1","32,6","31,4","32,8","33,9","32,4","30,3",30,"32,6","33,9","33,6","30,9","33,6","30,7","33,1","31,5","30,9","33,7","30,9","31,9","31,7","28,8","29,8","30,6","34,5",32
83,"40,6","40,5","40,1","44,8","40,5","54,4","45,7","39,8","45,9","30,7","40,7","52,5",44,"30,6","58,4",59,"44,1","32,3",44,"40,2",41,"54,4","52,1","46,4","51,3","50,4","60,4","53,1",45,"36,2","37,5",,"40,9","33,7",34,"37,2","47,7","31,5","51,4","45,1","34,9","41,7","59,5","38,3",40,"36,5","33,8",,"49,6","41,7","32,7",,"37,7","42,2","33,6","39,9","34,2","50,2","35,1","46,1","31,6","38,1","38,6","39,5","37,9","39,2",36,"51,4",40,"51,7",40,"31,3",,"35,5","28,1","34,4",35,"34,5","34,2",34,"29,3","36,2","31,3","34,2","33,5","32,6","34,6","31,6",,"32,6","32,9","36,7","33,2","36,1",35,"35,4","30,7","33,8","33,7","35,5","36,2","35,6","32,4","36,1","35,2","35,3","37,5","35,1","32,5",35,"32,6","32,5",35,"33,8","31,2","35,5","35,5",35,"36,6","37,7","36,5",32,"34,7","32,3",35,"36,4","33,6","36,1","33,6","35,4","35,5","33,9","33,3","33,4","32,7","30,5","34,8","31,7",36,"33,8","32,3"
84,"43,2","40,7","40,8","41,4",56,"39,5","40,7","46,5","47,4","53,6","31,8","41,3","44,7","29,8","59,3","59,5","44,3","44,3","40,5","32,5","55,7","51,9","47,4","41,4","60,5","52,2","51,9","51,8","45,8","38,2",36,,"41,7","34,2","34,1","37,6","44,3","32,1","45,4","51,9","35,1","41,3","39,2","58,7",36,"40,7","33,6",,"40,8","50,4",33,,"41,8","34,5","37,9","43,2",36,"35,1","46,9",52,"38,4",32,39,"37,6","40,2","38,2","36,5","52,5","31,6",40,"40,3",53,,"36,5","35,4","35,9","32,2","30,8","28,6","31,8","30,9","30,2","32,9","30,4","32,1","30,6","32,1","29,5",,29,"30,1","33,7","29,9","33,3","32,9","33,3","28,1","33,2","31,3","34,1","30,9","33,2","31,6","33,2","29,5",33,"35,3",30,"33,1","29,6","31,5","31,8","28,2","30,8",30,"31,9","27,9","33,9","32,8","31,5","32,6","31,6",33,"29,1","29,6","30,7","33,6","33,1","30,3","31,9","32,1","29,9","31,5","30,6","30,5","31,7","28,1","29,1","32,1","34,1","29,7"
85,"39,9","40,3",,,"55,6",39,,,"46,5",42,,,"29,1","58,4",,,"40,3","44,5",,,"51,2","47,4",,,"49,2","60,4","54,8","51,7","45,8","38,7","36,2",,"41,5",34,,,"31,4","47,8","51,6","45,4","40,9","57,9",,,"35,5","34,6","38,7",,"48,2","40,5","32,2",,41,"36,8",,,"36,4","51,5",,,38,"39,1",32,"38,9","40,2","35,5",,,"30,9","41,4",,,,"35,5","35,2",,,"34,4","34,4",,,"35,8","33,3",,,"32,2",,,,"32,9","31,9",,,"37,5",31,"35,8","36,3","33,6","33,4",,,"37,1","36,5","32,3","35,3","36,1","38,1",,,"33,8","35,5","33,2","35,4","34,9","28,1",,,"37,1","35,5",,,"35,5","36,4",,,"33,9","37,7",,,37,"36,3","35,6","34,7","34,5","34,4",,,"32,3","33,5","36,8","34,9"
86,"40,2","40,7",,,"56,4","38,4",,,47,"41,2",,,"57,7","29,5",,,"40,1","43,7",,,"50,9","47,5",,,"55,3","50,8","62,3","52,4","45,9","36,2",38,,"34,5","41,7",,,"48,7","51,7","44,9",32,"39,9","58,1",,,"34,9","35,2","39,8",,"40,6",33,"48,8",,"36,5","40,7",,,"35,4","51,8",,,"38,8","38,8","39,4",32,"39,7","35,9",,,"40,8",31,,,,"35,8","35,4",,,"28,3","29,7",,,"30,4","29,2",,,"28,5",,,,"29,4","28,7",,,"27,8","33,6",33,33,"30,1","29,7",,,"33,3","28,9","33,1","31,4","32,4","34,5",,,"31,9","31,8","29,8","30,5","32,5",28,,,"32,2",28,,,"31,7","33,3",,,30,"33,2",,,"30,6","32,3","31,6","32,7","30,7","30,2",,,"32,2","34,2","30,2","29,2"
87,"40,3","39,6",,,"54,1","38,1",,,"41,2",45,,,"57,3","29,8",,,"43,7","39,9",,,"47,6","49,5",,,55,"52,6","51,4","62,1","45,4","35,6","37,4",,"33,9","41,4",,,"44,8","50,7","31,6","48,1","40,6","59,5",,,"34,6","34,8","39,7",,"41,9","48,8","33,1",,"35,9","40,8",,,"35,4","50,5",,,"37,9","39,4","38,4","32,1","39,9","35,4",,,"40,7","30,8",,,,"36,5","35,9",,,"34,9","35,5",,,"36,2",33,,,33,,,,"32,4","32,8",,,"36,8",31,"36,2","36,7","33,6","33,4",,,"36,7","35,2","32,9","36,8",39,"36,9",,,"35,7","33,6","33,8",35,"31,9","35,6",,,"36,5",35,,,37,"35,7",,,"36,9","34,1",,,"35,9","36,1","34,2","35,3","33,8","34,1",,,"34,7","34,4","30,7","37,9"
88,40,"39,2",,,"37,9","55,3",,,"44,4","41,8",,,"55,6","29,8",,,"43,6","40,3",,,"49,2","46,4",,,"52,5","54,3","51,4","60,1","37,4","35,2","45,8",,34,"41,1",,,"51,1",47,"31,2",44,"39,7","58,5",,,"34,9","33,2","40,2",,"48,1","32,6","41,7",,36,"39,9",,,36,"50,8",,,"37,3","38,7","32,3","38,3","39,6",,,,"40,7","31,4",,,,"31,3","32,8",,,"31,5","30,7",,,"30,1",32,,,"29,9",,,,"28,7","29,2",,,33,"33,2",33,"28,3","29,9",30,,,"33,2","29,2","31,6","32,8","32,8","34,7",,,32,"32,6","30,7","29,7","28,5","32,5",,,"32,3","31,7",,,"31,8","33,2",,,30,"33,2",,,32,"31,3","33,4","33,2","30,9","31,4",,,"34,7","30,1","29,3","32,4"
89,"38,6","40,3",,,"54,9","37,2",,,"44,5",42,,,"53,5","30,4",,,"40,9",43,,,"48,3","46,5",,,"61,6","53,3","52,8","55,9","36,2","47,2","38,7",,"33,6","41,3",,,"50,9","44,1","47,8","32,4",57,40,,,"36,4","32,9","40,3",,"41,4","48,3","32,5",,"36,9","39,8",,,"35,9","50,5",,,"38,8","32,2","39,1","37,1","38,8",,,,"32,3","40,7",,,,"36,1",35,,,"34,4","34,9",,,"34,3","30,4",,,"33,2",,,,"32,8","31,3",,,"35,7","30,5","35,7","35,7","31,4","32,1",,,"35,1","32,6","36,8","36,5","35,6",39,,,"34,9","33,4","32,9","35,1","31,3","35,3",,,"35,9","33,5",,,"35,2","35,9",,,"33,3","36,4",,,"33,9","35,2","36,1","36,5","33,6","35,7",,,"33,7","32,6","38,4","34,3"
90,"39,7","38,8",,,"37,7","54,5",,,"42,2","44,2",,,"29,8","49,1",,,"39,7","42,5",,,"47,4",45,,,"52,7","62,1","50,2","53,7","37,7","36,1","46,5",,41,"33,9",,,"48,5","51,8",44,"31,7","58,4","39,6",,,"40,3","32,5",,,"41,1","48,6","33,2",,"35,6",39,,,"47,9","35,2",,,"30,6","32,5","38,8","38,6","39,2",,,,"40,5","31,8",,,,"31,5","31,2",,,30,"31,2",,,"29,1","31,3",,,"28,2",,,,"27,9","28,6",,,"32,4","32,3",28,"32,3","29,3","29,4",,,33,"30,9","33,5","28,2","31,9","33,9",,,"30,1","29,7","31,7","32,1","31,7","27,9",,,31,32,,,"33,1",32,,,"29,4","32,2",,,"30,6","32,2",33,"30,9","30,6","30,8",,,"27,5",34,"31,4",30
91,"40,2","38,8",,,"37,8","55,1",,,"41,7","44,4",,,"47,6","29,8",,,"42,9","39,8",,,"47,2","44,5",,,"52,7","53,4","62,6","50,2",47,"36,3","38,1",,"41,3","34,6",,,"48,2","31,7","43,8","51,8","39,3","58,9",,,"39,3","31,8",,,33,"41,1","48,2",,"35,1","38,5",,,"47,5",35,,,"37,3",39,"32,2","32,7","38,8",,,,"30,9","40,6",,,,"35,3","34,7",,,"34,3",35,,,"33,5","35,7",,,"32,5",,,,"32,8","31,9",,,"31,5",36,"36,6","36,1",33,"33,7",,,"34,6","36,8","36,6","32,6","39,4","36,4",,,"35,6","35,8","33,8","33,3","31,8","35,7",,,"36,1","34,5",,,37,"35,4",,,"33,5","36,5",,,"36,9","35,2","37,1","34,4","34,5","34,4",,,"28,1","33,2","38,5","34,5"
92,"38,3","40,1",,,"37,8","54,3",,,"41,5","44,7",,,30,"45,4",,,"43,5","39,8",,,"46,6","44,6",,,"52,4","49,5","51,9","62,6","46,6","36,6","37,9",,"34,8","41,2",,,"31,6","50,8","48,1","43,1","39,5","59,7",,,"38,2",,,,"33,6","48,6",41,,"39,4","35,4",,,"36,2","47,6",,,"38,9","38,8","32,8","32,9","39,4",,,,"40,8",31,,,,"31,5","31,2",,,"30,7","31,2",,,"31,8","29,6",,,"28,7",,,,"28,6","28,3",,,33,"28,9","32,8","33,1",30,"29,5",,,"28,7","33,5","33,5","31,5","35,5","32,6",,,"30,7","30,4","32,5","32,2","32,2",28,,,"32,6","31,2",,,"32,9","31,6",,,30,"32,6",,,"32,2","31,3","33,3","30,4","30,5","30,9",,,"32,4","29,4","28,4","34,4"
93,"39,6","38,1",,,"49,2","36,1",,,"44,7",42,,,"43,5",29,,,"39,7","42,8",,,"44,8","46,5",,,"53,5","53,5","49,1","62,8",36,"47,4","37,7",,"40,5","33,8",,,"31,2","51,9","42,7","48,2",60,"39,7",,,"38,9",,,,"41,4","49,3","33,3",,"34,4","38,7",,,"35,7","46,1",,,39,"38,7","31,5",35,"38,6",,,,"41,5","31,5",,,,"35,5","35,8",,,"34,3","35,6",,,"35,3","33,8",,,"30,5",,,,"30,6","32,2",,,"31,6","36,3","34,6","35,7","33,3","31,6",,,"32,2","33,5","36,1","35,9","38,4","35,3",,,33,"33,6","35,1","34,8","30,9","35,5",,,"35,5","33,9",,,36,"35,5",,,36,"33,9",,,"36,5","34,8","37,4","33,8","34,1","34,1",,,"34,4","38,4","31,7","33,8"
94,"38,9",38,,,"49,8",37,,,43,40,,,"28,3","43,1",,,"43,2","38,8",,,45,"43,2",,,48,"50,3",49,"58,3","35,6","45,3","36,8",,"39,9","33,8",,,"41,5",50,"47,7","31,5",37,"58,1",,,"39,4",,,,"32,7",47,"40,1",,"38,9","34,8",,,"34,7","43,5",,,"38,8","39,2","32,3",35,"38,8",,,,"31,1","40,4",,,,"31,6","31,5",,,"30,6",31,,,"29,8","31,4",,,"26,7",,,,"28,8",27,,,"32,2","31,5","28,1","32,9","29,6","28,4",,,"32,8","32,6","30,2","28,9","34,4","31,8",,,"29,9","31,7","29,2","31,5",28,"32,4",,,"32,4","31,2",,,32,"32,8",,,"32,2","29,9",,,"29,8","32,9","31,9","30,8","30,9","30,5",,,"29,8","34,1","28,5","31,2"
95,"38,5","37,6",,,"36,6","48,6",,,"39,7","41,2",,,"43,3","28,5",,,"42,5","38,1",,,44,"42,2",,,"46,8","47,5","50,5","60,2","36,2","36,6","44,4",,"34,2","39,6",,,"47,8","31,1","46,8","40,8","57,8","37,4",,,"38,9",,,,"40,2",47,"32,6",,"34,4","38,2",,,"38,1","43,1",,,39,"31,6","39,2","33,9","38,7",,,,"30,7","39,9",,,,"35,4","33,9",,,"35,2","35,6",,,"35,2","33,2",,,"30,8",,,,"30,9","29,8",,,"36,4","36,8","35,9","30,9","32,8","32,6",,,"37,2","32,9","36,9","34,3","34,4","36,3",,,"34,4","34,9","33,3",33,"32,1","36,5",,,"34,7","36,5",,,36,"36,7",,,"34,2","36,2",,,"33,6","35,2","37,5","36,4",35,"34,8",,,"38,5","32,3","32,9","33,6"
96,"37,2",39,,,"37,5",50,,,"40,8","39,5",,,"43,6","29,4",,,"41,8","37,2",,,"43,8","41,2",,,"42,4",47,51,"60,7","36,5","35,6","44,7",,"38,9","33,9",,,"42,1","48,8","31,2","47,3","38,6","59,3",,,"39,8",,,,42,"33,1","47,9",,"39,3","35,6",,,36,"43,2",,,"39,7","32,4","39,7","34,7","39,9",,,,"39,9","31,5",,,,"30,6","31,7",,,"30,9","30,9",,,"31,7","29,4",,,"28,5",,,,28,"27,8",,,"27,9",33,"32,5",33,"29,8",29,,,31,"28,7","32,8","33,3","32,5","34,4",,,32,"30,9","31,9",30,"32,3","28,5",,,"31,7","31,3",,,"31,5","33,3",,,"29,5","31,6",,,30,"32,9","31,5","32,4","30,7","30,1",,,"34,3","32,1","29,8","29,4"
97,"38,4","37,3",,,"50,7","37,1",,,"40,6","40,4",,,"42,9","29,2",,,"37,6","42,5",,,"41,3","43,7",,,"45,4","61,2","50,8",,"36,7","43,2","35,4",,"39,5","34,1",,,"40,2","44,5","45,2","31,2","38,6","59,4",,,39,,,,"32,8",48,42,,"35,5","38,8",,,"36,2","43,1",,,"38,8",39,"32,3","34,5","39,3",,,,"31,2","39,7",,,,"35,2","35,6",,,"35,5","35,3",,,"33,4","35,1",,,"30,3",,,,"32,1","29,7",,,"35,3","35,8","36,2","31,4","32,7",31,,,"34,9","36,3","31,4","36,7","38,7","36,1",,,"35,5","34,4","33,5","33,2","35,5","32,3",,,"36,6","34,9",,,"36,8","35,7",,,"36,5","34,1",,,"33,8","37,6","35,1","35,3","35,5","34,4",,,"33,2","38,6","32,3","35,2"
98,"37,9",37,,,"37,4","51,4",,,"37,9","40,3",,,"29,5","43,1",,,"42,6","37,3",,,"43,8","41,5",,,"47,2","50,6","61,2",,"42,8","36,7","35,6",,"39,2","33,9",,,"46,2","44,9","40,5","31,3","58,6","38,8",,,"38,4",,,,"47,5","32,9","40,8",,"39,1",35,,,"42,6","36,1",,,"38,3",39,"32,5","34,3","39,2",,,,"30,7","39,8",,,,"30,5","31,4",,,"31,4","31,2",,,"29,5","32,1",,,"26,3",,,,"26,9","27,7",,,"33,2",29,"33,2","32,8","29,7","27,8",,,"28,6","31,6","32,9",33,"32,1","34,6",,,"31,4","29,2","30,6","32,1","28,6","32,5",,,"32,2","30,9",,,"31,2","33,6",,,32,"29,8",,,"32,5","30,1","33,4","31,5","30,9","30,3",,,"31,7","34,9","29,4","29,8"
99,"37,5","36,9",,,"52,1",38,,,40,"38,4",,,"44,1","29,9",,,"37,5","43,1",,,"40,9",45,,,"49,3","51,9","62,1",,"35,8","36,8","42,6",,"34,4","39,7",,,"47,4","45,7","31,2","41,2","59,1","38,4",,,39,,,,"41,4","48,2",33,,"34,4","39,3",,,"35,8","42,8",,,"39,5","39,3","33,2","33,9","39,3",,,,31,"40,3",,,,"34,8","34,6",,,36,"34,5",,,"33,6","37,1",,,"24,5",,,,"31,6","32,3",,,"36,5","36,3","31,7","36,4","31,9","33,8",,,"32,6","36,2","36,7",35,"35,9","39,4",,,"35,5","33,4","34,7",33,"36,7","32,3",,,"36,2",35,,,"37,2","35,9",,,"36,1",34,,,36,"37,4",35,"32,5","35,2","34,5",,,"35,1","38,5","33,9","32,9"
100,"38,5","37,6",,,"38,2","54,6",,,"41,1","39,9",,,"46,4","31,1",,,39,"42,9",,,"46,2","41,8",,,"52,7","61,6","49,9",,"35,5","36,8","43,7",,"35,6","40,4",,,"43,9",33,"46,8","41,2","61,4",40,,,"40,3",,,,"33,2","43,2","49,6",,39,"34,8",,,"36,7",44,,,"40,4","39,9",33,"31,3",41,,,,"31,4",39,,,,"31,8","31,5",,,"32,6","31,7",,,"33,8","30,7",,,,,,,"27,3","28,5",,,"33,8","32,9","33,3","28,3","28,1","30,1",,,"34,2",32,"29,7","33,5","35,2","32,4",,,"30,5","31,4","31,8","29,9","32,8","28,6",,,"32,6","31,8",,,"33,3","31,9",,,"32,7","29,9",,,"33,7","28,8","31,1","32,1","30,8","30,5",,,"32,3","29,5","35,3","30,5"
101,"38,1","37,9",,,"53,1","38,6",,,"40,5","38,9",,,"45,2","30,9",,,"42,6","38,2",,,"44,7","40,4",,,"51,5","60,9","48,5",,"36,5","42,8","35,7",,"34,5","39,6",,,"31,8","42,5","41,2","47,7","39,6","61,6",,,40,,,,"49,9","42,2","33,1",,"38,4","35,1",,,"36,2","42,7",,,"33,5","40,3","39,9","31,9","40,1",,,,"31,9","38,9",,,,"35,7","36,2",,,"36,3","35,7",,,"34,9","36,9",,,,,,,"31,2",32,,,31,"36,7",37,"35,4","32,3","31,9",,,"37,2","33,3","37,3","35,5","39,3","35,9",,,"34,6","35,1","33,6","33,6","32,6","36,1",,,"36,9","36,8",,,"35,9","36,5",,,"36,2","33,9",,,"34,5","37,4","35,8","35,2",35,"34,2",,,33,"39,1","35,1",34
102,"37,4","38,6",,,"38,4","53,5",,,"39,2","40,3",,,"30,4","44,6",,,"38,9","43,6",,,"44,3","40,3",,,"60,8",53,49,,"36,1",41,"35,7",,"40,1","34,4",,,"47,2","42,8","41,9",31.4,"40,4","62,1",,,"39,4",,,,"43,1","50,3","33,2",,"38,7","36,1",,,"42,6","36,7",,,"40,2",39,"33,5","34,1","41,1",,,,"31,6",40,,,,"32,6","33,2",,,"31,8","32,7",,,"31,2","33,3",,,,,,,"29,7","27,3",,,"28,6","33,8","34,1","34,5","29,8","27,3",,,33,"29,7","33,3",32,"32,1","35,5",,,"30,9","31,6","31,4","29,9",33,"29,2",,,"32,9","32,5",,,"32,2","33,8",,,"30,4","33,3",,,"33,5","30,6","32,3",32,"30,8","30,2",,,"30,9","34,9","29,4","31,5"
103,"37,3","38,1",,,,,,,"38,8","39,9",,,"29,7","43,7",,,"42,5","38,7",,,,,,,"60,1",48,"52,6",,"37,1",36,,,39,"34,6",,,"48,4","43,3","30,8","41,6",61,"38,7",,,,,,,"42,9","50,8","31,7",,"35,4","38,3",,,,,,,39,"32,4","39,5",33,,,,,,,,,,,,,,34,35,,,,,,,,,,,"30,1",33,,,"35,6","37,8","37,9","30,5",,,,,"33,1","35,3","37,8","36,1",,,,,35,"35,2","32,2","33,1","35,4","32,3",,,"37,4","35,4",,,"36,4","36,6",,,"37,3","34,1",,,"38,3","33,9","34,3","36,6",,,,,"34,1","38,1",32,
104,"37,7","39,1",,,,,,,"39,4","39,3",,,"43,5","29,5",,,"38,5","42,7",,,,,,,"52,9","59,8","48,1",,"36,7","36,1",,,"34,2","37,7",,,"47,8","41,1","42,9","31,2","60,4","39,3",,,,,,,"50,8","33,6","42,8",,"39,3","35,6",,,,,,,"32,3","38,6",40,"32,9",,,,,,,,,,,,,,"31,7","30,9",,,,,,,,,,,"26,5","28,9",,,"33,6","33,6","32,7",28,,,,,"33,2","28,5","31,5","30,6",,,,,"30,7","29,2","28,3","30,4","31,7","27,9",,,"32,6",31,,,"32,8","32,2",,,33,"30,4",,,"32,3","30,5","30,4","33,2",,,,,"33,6","29,2","29,9",
105,39,"36,5",,,,,,,"39,6","38,3",,,"29,8","44,9",,,"39,4","42,6",,,,,,,"60,5","52,6","47,9",,"36,4","37,5",,,"35,5","39,1",,,"41,6","48,2","42,9","30,4",40,"62,2",,,,,,,"51,7","43,1","33,6",,"35,9","39,2",,,,,,,"32,3","38,4","39,2","33,2",,,,,,,,,,,,,,"34,9","35,4",,,,,,,,,,,"30,8","30,5",,,"37,6","36,4","30,9","35,4",,,,,"35,3","32,3","37,8",36,,,,,"32,6","34,5","33,5","34,1","32,3","36,3",,,"34,3","36,7",,,"36,2","37,6",,,"33,6","37,3",,,36,37,"36,2","34,4",,,,,"37,4","32,1","32,7",
106,"38,4",35,,,,,,,"35,5","39,5",,,26,"43,4",,,"43,4","40,1",,,,,,,"53,1","60,1","45,5",,"35,9",37,,,"38,8","35,8",,,"41,7","41,4","48,1","31,2","39,6","62,7",,,,,,,"33,7","49,6","44,1",,,,,,,,,,"38,1","32,7","39,9","33,5",,,,,,,,,,,,,,"31,2","31,5",,,,,,,,,,,"27,6","28,8",,,"33,5","28,2","33,7","32,3",,,,,"33,6","32,4","31,3",29,,,,,"31,1","29,7",31,,30,33,,,"31,7","32,9",,,"32,6",33,,,"33,6","30,9",,,"29,9","32,4","32,3",32,,,,,"30,1",29,,
107,"37,9","34,4",,,,,,,"38,6","35,2",,,"41,7",,,,42,"39,5",,,,,,,"55,1","50,5","45,1",,"35,5","36,8",,,39,"35,5",,,"40,8",47,"30,9","41,4",39,"61,9",,,,,,,"43,6","33,8","49,7",,,,,,,,,,"37,8","32,5","39,5","33,5",,,,,,,,,,,,,,"34,8","35,5",,,,,,,,,,,30,"31,8",,,"36,8",35,37,"31,7",,,,,"35,7","32,6","37,4","36,7",,,,,"34,3","35,7","33,1",,"31,9","36,8",,,"35,1","37,5",,,"37,5","37,8",,,"34,4","37,2",,,"36,3",36,"37,1","34,4",,,,,34,"32,8",,
108,"38,1","34,9",,,,,,,"34,4","38,9",,,"42,2",,,,"42,3","39,8",,,,,,,"49,6","44,6","53,4",,"36,7","35,8",,,"39,8","35,1",,,"30,9","45,5","41,3","40,2","63,3",39,,,,,,,43,"50,2","33,9",,,,,,,,,,"38,3","40,1","32,4","33,6",,,,,,,,,,,,,,"31,4","32,6",,,,,,,,,,,"28,6","26,4",,,"33,5",29,"32,7","33,6",,,,,"33,4","29,8","32,1","32,1",,,,,"31,8","30,1","31,5",,"33,3","29,5",,,"31,1","33,3",,,"33,7","32,9",,,"33,5","30,4",,,"31,3","33,4","32,5","31,6",,,,,"30,5","30,1",,
109,"38,3","33,3",,,,,,,,,,,"40,6",,,,"38,5","41,8",,,,,,,"46,5","49,1","42,8",,"36,6","35,9",,,"39,5","34,4",,,"30,8","44,1",39,"41,4","37,8","62,1",,,,,,,"42,4","49,2","34,1",,,,,,,,,,"37,7","32,7","39,9","34,7",,,,,,,,,,,,,,"34,7","34,7",,,,,,,,,,,"32,3","29,2",,,"36,8","35,1","34,8","30,8",,,,,"36,5","32,8",37,"35,2",,,,,33.2,"34,1","34,3",,"33,3","36,6",,,"37,1","34,3",,,"36,2","36,2",,,"36,3","34,3",,,"37,3","37,9","34,4","35,7",,,,,"33,9","32,9",,
110,"33,9","38,3",,,,,,,,,,,"40,2",,,,"41,7","37,8",,,,,,,"45,4","42,4","42,9",,"35,7","36,5",,,"38,9","34,9",,,"42,3","38,1","41,1","30,8","61,1","37,4",,,,,,,"47,8","42,9","34,1",,,,,,,,,,"38,2","31,9","40,1","34,1",,,,,,,,,,,,,,"32,2","31,4",,,,,,,,,,,"27,9","25,7",,,28,"31,5","32,4","32,8",,,,,"32,1",29,33,"31,6",,,,,"31,4","32,1","29,9",,"29,8","32,4",,,31,"32,9",,,"32,9","31,4",,,"29,7","32,3",,,"33,4","32,3","31,6",30,,,,,"29,6","29,7",,
111,"34,1","37,8",,,,,,,,,,,"39,8",,,,"41,7","38,8",,,,,,,"43,9","42,6","40,4",,"36,1","36,4",,,"34,8",38,,,"37,8","42,6","40,6","30,3","37,9","61,6",,,,,,,"33,9","47,8","42,2",,,,,,,,,,"37,9","32,9","39,2",34,,,,,,,,,,,,,,"35,8","35,4",,,,,,,,,,,"30,8","29,5",,,37,36,"30,9","34,8",,,,,"31,7","33,6","36,2","36,8",,,,,"32,3","34,2","34,8",,36,"30,4",,,"33,6","36,7",,,"37,3","35,7",,,34,"36,5",,,"37,7","32,5","35,8","35,7",,,,,32,"33,7",,
112,"35,5","37,8",,,,,,,,,,,"39,7",,,,"38,7","39,3",,,,,,,"39,8","42,6","43,4",,"36,4",37,,,"35,1","37,9",,,"38,8","36,8","30,3","42,5","37,4","60,2",,,,,,,"42,5","46,6","33,7",,,,,,,,,,"39,4","37,9","32,8","33,5",,,,,,,,,,,,,,"31,3","31,3",,,,,,,,,,,28,"25,2",,,"32,2","32,6","28,4","32,5",,,,,"30,4","32,3","33,7","27,7",,,,,"31,9","29,6","32,4",,"29,7","32,5",,,"29,2","32,2",,,"31,8","34,2",,,"32,6","29,8",,,"31,3","29,6",33,32,,,,,"29,6","29,8",,
113,,,,,,,,,,,,,"34,7",,,,"40,1","38,9",,,,,,,"40,5","43,7","38,5",,"36,2","37,3",,,"34,7","36,9",,,"30,6","36,6","41,9","39,2","36,7","57,5",,,,,,,"43,6","33,3","41,6",,,,,,,,,,"37,9","38,7",33,"34,6",,,,,,,,,,,,,,"35,6","35,8",,,,,,,,,,,29,32,,,"37,1",35,"30,9","36,7",,,,,"36,9","31,8","34,7",36,,,,,"35,9",33,"34,6",,"35,8","32,2",,,"32,4","35,9",,,"35,6","37,5",,,"35,8","33,9",,,"36,9","37,4","35,6","31,1",,,,,"34,7","32,2",,
114,,,,,,,,,,,,,"37,7",,,,"38,8","40,2",,,,,,,"38,8","38,9","43,8",,"36,6","35,4",,,"34,1","36,1",,,"35,4","41,3","37,2","30,2","57,7","36,4",,,,,,,"32,3","40,7",43,,,,,,,,,,"37,8","39,3","32,6","34,1",,,,,,,,,,,,,,"31,8","31,2",,,,,,,,,,,"28,1","25,2",,,"32,7","32,2","27,5","33,6",,,,,"31,7","27,9","29,9","32,5",,,,,"31,2","31,4","29,1",,"28,8","31,6",,,"31,8","29,1",,,"31,2","33,5",,,"31,8","29,9",,,"31,2","32,5","30,3","27,4",,,,,"29,3","28,5",,
115,,,,,,,,,,,,,"37,3",,,,"39,5","40,5",,,,,,,"44,3","39,9","37,4",,"36,9","36,8",,,"35,6","36,6",,,"39,6","30,3","36,8",38,"37,2","58,7",,,,,,,"33,9","39,9",42,,,,,,,,,,"39,1","38,6","32,6","32,7",,,,,,,,,,,,,,"36,2","32,8",,,,,,,,,,,"29,9","26,9",,,"36,2","37,5","34,7","30,8",,,,,36,"31,6","35,5","33,8",,,,,"34,6","34,4","32,2",,"32,4","34,1",,,"30,7","35,5",,,"35,5","36,7",,,33,"33,9",,,"36,1","29,9","36,2","35,8",,,,,"30,3","33,2",,
116,,,,,,,,,,,,,"37,6",,,,"38,3","40,4",,,,,,,"42,9","39,5","36,6",,"36,2","36,3",,,"34,5","37,3",,,"39,3","29,9",35,"38,9","36,8","59,2",,,,,,,"33,7","41,5","41,3",,,,,,,,,,"38,8","38,3","31,7","30,1",,,,,,,,,,,,,,"31,5","31,6",,,,,,,,,,,"24,3","24,1",,,"32,4","34,1","32,6","27,9",,,,,"31,9",28,"32,7","29,3",,,,,"31,7","31,5","29,3",,"28,9","30,8",,,"28,4","32,6",,,"31,9","33,9",,,"31,3","30,7",,,"31,8","26,9","31,4","30,3",,,,,"26,5","30,3",,
117,,,,,,,,,,,,,"35,3",,,,38,"39,1",,,,,,,"42,4","39,1","35,9",,"36,2","35,7",,,"34,7","37,1",,,"39,5","26,8","34,4","37,5","36,2","55,3",,,,,,,"32,9","40,6","38,4",,,,,,,,,,"37,1","31,6","37,2",,,,,,,,,,,,,,,"35,5","31,2",,,,,,,,,,,"28,6","27,8",,,"30,8","37,2",35,"36,3",,,,,37,"34,2",33,"30,7",,,,,"34,6","34,3","32,4",,"31,8","34,3",,,"30,7","36,7",,,"33,7",37,,,"34,7","36,4",,,"36,9","29,3","35,2","35,7",,,,,30,"34,4",,
118,,,,,"36,8",,,,,,,,"37,6",,,,"37,7","39,4",,,,,,,"41,9",39,"33,7",,"36,3","36,7",,,"34,2","37,7",,,39,"28,7","35,1","37,3","52,3","34,8",,,,,,,"32,9","39,6","40,2",,"36,6",,,,"37,7",,,,"32,1","37,8","35,7",,,,,,,,,,,,,,,"32,3","30,3",,,,,,,,,,,"25,3","25,4",,,"33,5",32,"33,3","27,8",,,,,"28,3","29,3","30,9","33,3",,,,,"31,6",29,"30,9",,"29,1","31,3",,,"27,1",33,,,"31,8","33,5",,,"29,5","31,5",,,"30,7","32,6","26,8","31,4",,,,,"28,8",31,,
119,,,,,"36,4",,,,,,,,"35,6",,,,"36,9","36,6",,,,,,,"40,6","35,3","31,7",,"35,8","35,5",,,34,"37,8",,,"38,8","27,4","35,1","36,9","33,9","41,5",,,,,,,"33,9","39,5","40,8",,"35,8",,,,"36,1",,,,"31,3","37,2",33,,,,,,,,,,,,,,,"35,7","34,7",,,,,,,,,,,"25,6","27,7",,,35,"36,5","36,6","30,3",,,,,"34,6","32,4","31,1","37,3",,,,,"34,5","32,2","35,3",,32,"35,7",,,"31,8","36,7",,,"34,9","37,4",,,"33,5","35,3",,,"26,3","28,5","35,6","35,2",,,,,"28,8","33,8",,
120,,,,,37,,,,,,,,"31,2",,,,"36,8","34,8",,,,,,,"41,4","38,1",30,,"36,8","36,2",,,"33,9","38,1",,,"38,9","27,2","32,9","37,2","36,3","32,3",,,,,,,"33,2","39,2","40,9",,"36,3",,,,"36,8",,,,"30,3","29,1","37,6",,,,,,,,,,,,,,,"32,4","30,5",,,,,,,,,,,"21,5","24,2",,,"33,5","33,9","28,8","32,5",,,,,"28,6","29,3","31,3","33,6",,,,,"31,8","29,4","31,6",,"29,5",32,,,"28,4","33,8",,,"29,9",33,,,"30,8","32,2",,,"24,5","30,5","25,7","31,4",,,,,"25,8","30,8",,
121,,,,,"37,4",,,,,,,,"31,6",,,,"33,1",,,,,,,,41,"36,8","28,2",,"34,2","35,1",,,"34,5","38,5",,,"37,1","27,2","33,3","36,8","35,9","33,3",,,,,,,33,"38,6","40,9",,"36,3",,,,"36,1",,,,"30,6",,"37,6",,,,,,,,,,,,,,,33,"34,5",,,,,,,,,,,,"26,9",,,"36,5","36,5","30,5",35,,,,,"31,7","33,6",35,"36,3",,,,,"34,7",32,"34,3",,"32,6","35,8",,,"29,3",36,,,"28,6",37,,,"33,5","35,1",,,"25,6","34,6","34,5",,,,,,"27,4","34,1",,
122,,,,,"37,5",,,,,,,,"28,7",,,,"35,8",,,,,,,,"40,2","36,5","26,7",,"36,1","35,6",,,"34,4",38,,,37,"27,1","33,2","37,3","35,2","31,6",,,,,,,"33,2","37,8",39,,35,,,,36,,,,"28,2",,"37,5",,,,,,,,,,,,,,,31,30,,,,,,,,,,,,"22,7",,,"33,2","32,2","31,2","27,6",,,,,"32,5","27,8","30,4","28,9",,,,,"30,1","30,8","27,8",,"28,3","29,2",,,"25,4","31,8",,,,"31,3",,,"30,3","30,3",,,"23,8","30,8","29,1",,,,,,,"29,4",,
123,,,,,"35,6",,,,,,,,"27,4",,,,"36,2",,,,,,,,"40,8","35,5","25,8",,"35,1","35,1",,,"35,1","38,1",,,"36,5","23,4",,37,"34,5","30,7",,,,,,,33,36,"37,6",,"35,5",,,,36,,,,,,"37,7",,,,,,,,,,,,,,,"34,3","32,1",,,,,,,,,,,,"24,7",,,"36,3","35,7","29,8","34,2",,,,,"31,6","34,3","33,1","36,9",,,,,34,"33,6","31,2",,"32,5","34,7",,,"29,1","36,5",,,,"36,8",,,"34,4","28,9",,,"23,4","34,1","33,6",,,,,,,"34,3",,
124,,,,,"35,8",,,,,,,,"30,3",,,,"35,8",,,,,,,,"41,7","35,9","23,3",,"34,2","35,5",,,"34,5","38,2",,,"36,9","26,1",,"36,2","35,3","30,6",,,,,,,"32,7","36,5","35,5",,"35,2",,,,"36,4",,,,,,"38,1",,,,,,,,,,,,,,,"30,9",30,,,,,,,,,,,,22,,,"32,4","28,7","33,7","34,4",,,,,"33,1","29,7","28,7","29,7",,,,,"30,7","30,8","27,9",,"30,1","30,5",,,"27,2","39,1",,,,33,,,"31,1",,,,"31,8","30,6","30,7",,,,,,,31,,
125,,,,,"37,1",,,,,,,,"27,1",,,,"34,1",,,,,,,,"42,6","37,3",,,"35,9","35,9",,,"34,1","38,4",,,"35,7","21,8",,"34,9","35,5","30,5",,,,,,,"33,8","37,6","34,8",,"35,3",,,,"35,8",,,,,,"37,8",,,,,,,,,,,,,,,"34,2","27,9",,,,,,,,,,,,"22,1",,,"36,7","36,4","33,8","30,9",,,,,"36,4","31,9","34,8","34,2",,,,,"34,1","33,5","31,1",,32,35,,,"28,6",,,,,"36,6",,,"34,4",,,,"23,4","33,4","33,7",,,,,,,34,,
126,,,,,"35,5",,,,,,,,,,,,35,,,,,,,,"40,5","36,4",,,"34,1","35,4",,,"34,7","38,1",,,"34,9",,,"35,5","35,7","28,8",,,,,,,"36,2","38,4","34,4",,"35,1",,,,"36,1",,,,,,"38,1",,,,,,,,,,,,,,,"30,7","26,7",,,,,,,,,,,,,,,"32,2","32,2","31,3",27,,,,,"32,7","28,2","29,7","29,7",,,,,"30,6","30,4","28,4",,"30,6","31,6",,,"25,3",,,,,"32,3",,,"30,1",,,,"21,9","30,9","30,3",,,,,,,"29,9",,
127,,,,,"36,2",,,,,,,,,,,,35,,,,,,,,"39,2","35,5",,,32,"33,6",,,"34,1","38,6",,,"33,2",,,"34,9","35,1","30,4",,,,,,,,"39,8","34,5",,"35,7",,,,"35,8",,,,,,"35,5",,,,,,,,,,,,,,,"34,4","27,7",,,,,,,,,,,,,,,"36,8","36,7","34,2","30,1",,,,,36,"30,9","30,7","33,1",,,,,"33,5","33,6","30,8",,"31,6","35,3",,,"28,1",,,,,34,,,"33,5",,,,"24,8","34,7","33,7",,,,,,,"33,5",,
128,,,,,"35,7",,,,,,,,,,,,"34,5",,,,,,,,"39,4","30,8",,,"33,9","32,7",,,"34,1","38,2",,,"31,1",,,"35,2","36,5","31,9",,,,,,,,,"34,5",,"35,1",,,,"36,3",,,,,,"37,2",,,,,,,,,,,,,,,31,"28,3",,,,,,,,,,,,,,,"33,3","32,1",31,"27,3",,,,,"32,1","27,6","28,3","29,3",,,,,"30,8","31,1","28,1",,"29,8","31,7",,,"22,6",,,,,"31,8",,,"29,2",,,,"24,3",31,30,,,,,,,"29,5",,
129,,,,,"35,6",,,,,,,,,,,,"35,4",,,,,,,,,"29,5",,,"28,2","35,2",,,"34,6","37,7",,,"28,8",,,"35,6","36,3","30,9",,,,,,,,,"34,4",,"35,6",,,,"36,4",,,,,,38,,,,,,,,,,,,,,,"32,9","33,6",,,,,,,,,,,,,,,"37,9","37,4","34,1","29,7",,,,,"36,2","31,2","31,8","32,7",,,,,"32,7","33,9","30,8",,"32,8","34,6",,,"24,8",,,,,33,,,"32,7",,,,"26,8","35,4","34,7",,,,,,,"32,2",,
130,,,,,"35,4",,,,,,,,,,,,"35,2",,,,,,,,,"28,7",,,"28,8","34,9",,,"34,3","38,1",,,"30,4",,,"33,7","35,4","28,7",,,,,,,,,"34,4",,36,,,,"36,3",,,,,,"38,4",,,,,,,,,,,,,,,"30,3","33,5",,,,,,,,,,,,,,,"33,3",32,"30,8",27,,,,,"32,4","27,7","26,9","29,7",,,,,"29,8","30,7","26,8",,"30,5","31,6",,,"21,9",,,,,"31,6",,,"27,3",,,,"24,7","31,1","28,5",,,,,,,"28,9",,
131,,,,,"35,8",,,,,,,,,,,,"34,2",,,,,,,,,"30,2",,,"27,2","34,7",,,"33,4","38,2",,,"28,8",,,"27,6","36,1","28,9",,,,,,,,,34,,"34,3",,,,36,,,,,,"38,8",,,,,,,,,,,,,,,33,"28,8",,,,,,,,,,,,,,,36,"35,5","33,9","29,7",,,,,"30,7","35,3","28,9","32,9",,,,,"32,7","33,6","30,6",,"31,5","33,6",,,"23,5",,,,,"35,6",,,"26,8",,,,"26,3","35,6","33,1",,,,,,,33,,
132,,,,,"36,5",,,,,,,,,,,,34,,,,,,,,,"25,7",,,,"36,1",,,"33,2",39,,,"27,3",,,,"34,8","27,8",,,,,,,,,"31,4",,"35,2",,,,36,,,,,,"38,7",,,,,,,,,,,,,,,,"28,3",,,,,,,,,,,,,,,37,"30,7","29,2","29,3",,,,,"32,2","26,7","27,1","28,7",,,,,"28,5",30,26,,"27,8","27,5",,,"22,1",,,,,"31,1",,,"21,7",,,,"22,6","30,4","28,2",,,,,,,"28,2",,
133,,,,,"35,2",,,,,,,,,,,,"33,8",,,,,,,,,,,,,"34,7",,,"29,1",39,,,,,,,"34,9","27,2",,,,,,,,,"33,1",,35,,,,"35,8",,,,,,"37,6",,,,,,,,,,,,,,,,"34,2",,,,,,,,,,,,,,,36,"35,4","32,5",,,,,,"33,4","27,6","25,3","24,6",,,,,"32,4","31,6","28,4",,"32,2","31,9",,,,,,,,"34,6",,,,,,,"22,8","34,7","28,3",,,,,,,"31,4",,
134,,,,,"35,9",,,,,,,,,,,,"32,4",,,,,,,,,,,,,"34,5",,,"25,8",40,,,,,,,"34,8","26,5",,,,,,,,,"33,7",,"35,4",,,,"36,1",,,,,,"38,2",,,,,,,,,,,,,,,,"30,2",,,,,,,,,,,,,,,"33,4","31,9","30,2",,,,,,"32,2","26,6","24,5","28,4",,,,,"29,7","29,7","26,8",,37,"30,8",,,,,,,,"30,9",,,,,,,"20,8","32,2",,,,,,,,"29,1",,
135,,,,,"35,2",,,,,,,,,,,,"31,9",,,,,,,,,,,,,"33,3",,,"23,9","40,1",,,,,,,"34,7","23,3",,,,,,,,,"33,4",,"34,7",,,,"36,7",,,,,,"37,3",,,,,,,,,,,,,,,,"31,7",,,,,,,,,,,,,,,36,"35,3",32,,,,,,"36,1","28,5","31,6","27,5",,,,,"32,3","29,9",29,,,32,,,,,,,,"32,4",,,,,,,"20,1","35,4",,,,,,,,"31,2",,
136,,,,,"33,6",,,,,,,,,,,,"30,4",,,,,,,,,,,,,"31,9",,,,"37,5",,,,,,,35,"24,7",,,,,,,,,,,"34,4",,,,"36,7",,,,,,"38,7",,,,,,,,,,,,,,,,"28,8",,,,,,,,,,,,,,,"35,1","32,4","29,2",,,,,,"32,4","26,3",28,,,,,,"29,8","26,9",26,,,30,,,,,,,,"31,4",,,,,,,"17,7","31,7",,,,,,,,"28,8",,
137,,,,,"31,3",,,,,,,,,,,,"27,7",,,,,,,,,,,,,"29,1",,,,41,,,,,,,"23,9","32,3",,,,,,,,,,,"33,4",,,,"36,8",,,,,,"36,3",,,,,,,,,,,,,,,,"32,8",,,,,,,,,,,,,,,"31,4","35,3","38,7",,,,,,"35,6","29,3","31,1",,,,,,"28,6","27,7","31,2",,,"32,5",,,,,,,,"33,7",,,,,,,"32,6",,,,,,,,,"29,3",,
138,,,,,"29,9",,,,,,,,,,,,,,,,,,,,,,,,,"29,7",,,,,,,,,,,"30,7",,,,,,,,,,,,"33,5",,,,36,,,,,,37,,,,,,,,,,,,,,,,"28,8",,,,,,,,,,,,,,,"38,7",33,"29,5",,,,,,32,"27,3","28,1",,,,,,27,"26,6","25,7",,,"30,1",,,,,,,,"30,6",,,,,,,"30,9",,,,,,,,,,,
139,,,,,31,,,,,,,,,,,,,,,,,,,,,,,,,"30,7",,,,,,,,,,,,,,,,,,,,,,,"34,1",,,,"36,3",,,,,,"37,8",,,,,,,,,,,,,,,,"26,4",,,,,,,,,,,,,,,"35,1",31,,,,,,,"35,1",29,"30,6",,,,,,"28,6","27,4","29,6",,,"32,2",,,,,,,,"32,9",,,,,,,"35,6",,,,,,,,,,,
140,,,,,,,,,,,,,,,,,,,,,,,,,,,,,,"29,2",,,,,,,,,,,,,,,,,,,,,,,"34,3",,,,"36,5",,,,,,,,,,,,,,,,,,,,,,"22,8",,,,,,,,,,,,,,,"31,4","27,8",,,,,,,"31,3",27,"26,9",,,,,,"26,4","27,4","25,9",,,"29,6",,,,,,,,"30,7",,,,,,,"31,5",,,,,,,,,,,
141,,,,,,,,,,,,,,,,,,,,,,,,,,,,,,"27,8",,,,,,,,,,,,,,,,,,,,,,,"32,8",,,,"35,8",,,,,,,,,,,,,,,,,,,,,,,,,,,,,,,,,,,,,"35,1","31,3",,,,,,,"34,9","29,9","30,5",,,,,,"29,6","32,5","27,5",,,"32,6",,,,,,,,"33,3",,,,,,,"34,9",,,,,,,,,,,
142,,,,,,,,,,,,,,,,,,,,,,,,,,,,,,,,,,,,,,,,,,,,,,,,,,,,,"30,5",,,,"36,6",,,,,,,,,,,,,,,,,,,,,,,,,,,,,,,,,,,,,"31,6","27,6",,,,,,,"31,8","27,2","26,3",,,,,,"27,7",30,"25,8",,,"28,5",,,,,,,,"29,2",,,,,,,"31,2",,,,,,,,,,,
143,,,,,,,,,,,,,,,,,,,,,,,,,,,,,,,,,,,,,,,,,,,,,,,,,,,,,"33,1",,,,"36,6",,,,,,,,,,,,,,,,,,,,,,,,,,,,,,,,,,,,,"33,8","30,8",,,,,,,"34,8","30,4",26,,,,,,"32,9","32,4",28,,,"31,1",,,,,,,,"30,6",,,,,,,"33,1",,,,,,,,,,,
144,,,,,,,,,,,,,,,,,,,,,,,,,,,,,,,,,,,,,,,,,,,,,,,,,,,,,"31,2",,,,"36,8",,,,,,,,,,,,,,,,,,,,,,,,,,,,,,,,,,,,,"29,2","30,8",,,,,,,"31,5","26,3","24,5",,,,,,"29,7","30,3","24,7",,,"28,5",,,,,,,,27,,,,,,,"29,9",,,,,,,,,,,
145,,,,,,,,,,,,,,,,,,,,,,,,,,,,,,,,,,,,,,,,,,,,,,,,,,,,,"31,2",,,,"36,3",,,,,,,,,,,,,,,,,,,,,,,,,,,,,,,,,,,,,"31,9",,,,,,,,"34,5","30,1","26,5",,,,,,"32,3","32,9","26,8",,,"31,4",,,,,,,,,,,,,,,"35,5",,,,,,,,,,,
146,,,,,,,,,,,,,,,,,,,,,,,,,,,,,,,,,,,,,,,,,,,,,,,,,,,,,,,,,"30,5",,,,,,,,,,,,,,,,,,,,,,,,,,,,,,,,,,,,,"29,4",,,,,,,,"32,3","27,3","25,6",,,,,,"30,6","30,9",,,,28,,,,,,,,,,,,,,,"29,1",,,,,,,,,,,
147,,,,,,,,,,,,,,,,,,,,,,,,,,,,,,,,,,,,,,,,,,,,,,,,,,,,,,,,,,,,,,,,,,,,,,,,,,,,,,,,,,,,,,,,,,,,,,"33,3",,,,,,,,"34,4","30,3","30,5",,,,,,"32,5","33,8",,,,"32,8",,,,,,,,,,,,,,,"35,1",,,,,,,,,,,
148,,,,,,,,,,,,,,,,,,,,,,,,,,,,,,,,,,,,,,,,,,,,,,,,,,,,,,,,,,,,,,,,,,,,,,,,,,,,,,,,,,,,,,,,,,,,,,,,,,,,,,,,,,,,,,,,,,,,,,,,,,,,,,,,,,,,,,,,,,,,,
149,,,,,,,,,,,,,,,,,,,,,,,,,,,,,,,,,,,,,,,,,,,,,,,,,,,,,,,,,,,,,,,,,,,,,,,,,,,,,,,,,,,,,,,,,,,,,,,,,,,,,,,,,,,,,,,,,,,,,,,,,,,,,,,,,,,,,,,,,,,,,
150,,,,,,,,,,,,,,,,,,,,,,,,,,,,,,,,,,,,,,,,,,,,,,,,,,,,,,,,,,,,,,,,,,,,,,,,,,,,,,,,,,,,,,,,,,,,,,,,,,,,,,,,,,,,,,,,,,,,,,,,,,,,,,,,,,,,,,,,,,,,,
